roadID,roadName,roadType,timestamp,user,version,wayID
R0,JAC大道,tertiary,2017-07-30T14:05:10Z,Virgil Guo,3,196818307
R1,一环宁国路桥,secondary,2017-08-06T06:21:38Z,Virgil Guo,5,267932978
R2,一环马鞍山路桥,trunk,2017-09-26T10:34:12Z,Austin Zhu,6,305877765
R3,万佛山路,tertiary,2018-02-12T11:55:21Z,Seandebasti,9,217633715
R4,万佛湖路,tertiary,2016-09-03T14:38:29Z,Virgil Guo,4,217646832
R5,万场路,tertiary,2017-12-31T19:51:51Z,Virgil Guo,1,550168181
R6,万年埠路,tertiary,2018-03-21T23:56:22Z,Virgil Guo,10,367395996
R7,万泉河路,tertiary,2017-12-27T22:21:57Z,Virgil Guo,12,319977944
R8,万泉河路,tertiary,2015-01-02T10:25:30Z,peisen_wang,1,319990819
R9,万泽路,tertiary,2016-02-10T10:34:29Z,Virgil Guo,6,192027387
R10,三国城路,secondary,2017-09-10T15:23:04Z,Virgil Guo,9,197130982
R11,三官塘西路,tertiary,2017-07-11T15:11:30Z,Virgil Guo,3,404878902
R12,三河路,primary,2017-09-16T05:45:15Z,Virgil Guo,5,298612717
R13,三河路,secondary,2017-08-29T14:10:08Z,Virgil Guo,20,215624827
R14,三河路,tertiary,2015-08-27T16:53:34Z,Virgil Guo,8,115316762
R15,三角线桥,trunk,2017-09-26T10:34:09Z,Austin Zhu,5,304254648
R16,上海路,trunk,2017-12-31T19:52:03Z,Virgil Guo,4,474873055
R17,东一环裕溪路高架,trunk,2017-09-28T04:48:59Z,Austin Zhu,8,306254066
R18,东一环路,trunk,2017-09-26T10:34:28Z,Austin Zhu,2,513242241
R19,东二环路,trunk,2018-01-20T04:29:37Z,Virgil Guo,16,305858863
R20,东二环路,trunk,2017-09-26T12:45:32Z,Austin Zhu,3,512999877
R21,东二环路高架,trunk,2017-09-28T04:49:08Z,Austin Zhu,5,512442940
R22,东方大道,primary,2018-03-15T04:45:05Z,Virgil Guo,16,305857684
R23,东方大道,primary,2018-01-28T04:04:53Z,hanchao,3,197128479
R24,东至路,secondary,2015-07-06T13:31:31Z,Virgil Guo,4,290150416
R25,东至路,tertiary,2018-02-12T02:24:04Z,Seandebasti,2,524786972
R26,东至路,tertiary,2017-09-14T23:42:43Z,Virgil Guo,1,524786966
R27,东落客平台,primary_link,2017-08-04T12:55:13Z,Virgil Guo,5,397738675
R28,东风大道,primary,2015-08-29T06:52:08Z,Virgil Guo,1,368102040
R29,严刘路,secondary,2018-03-24T02:36:29Z,Virgil Guo,2,517718234
R30,中山路,secondary,2018-03-21T23:56:25Z,Virgil Guo,2,549421612
R31,中山路,secondary,2017-10-28T07:46:36Z,Austin Zhu,3,319978712
R32,中山路桥,secondary,2017-10-28T07:46:36Z,Austin Zhu,5,319978711
R33,中心街,tertiary,2015-09-03T08:39:31Z,Virgil Guo,4,306262861
R34,中菜市路,tertiary,2018-04-10T22:19:23Z,Virgil Guo,3,422762877
R35,临泉东路,primary,2017-09-26T11:08:55Z,Austin Zhu,2,512999881
R36,临泉路,primary,2017-10-28T23:51:55Z,Virgil Guo,18,303058816
R37,临泉路,primary,2017-09-26T11:08:57Z,Austin Zhu,2,513948106
R38,临泉路,trunk,2018-02-22T04:14:48Z,Virgil Guo,10,226604306
R39,临泉路,trunk,2017-10-30T02:52:00Z,Austin Zhu,9,325354954
R40,临泉路跨二十埠河桥,primary,2017-09-26T11:08:39Z,Austin Zhu,6,303058821
R41,丹霞西路,tertiary,2017-08-03T05:56:28Z,Virgil Guo,1,512460891
R42,丹霞路,tertiary,2017-08-03T05:56:28Z,Virgil Guo,1,512460887
R43,丽水路,tertiary,2017-08-02T14:17:37Z,Virgil Guo,11,196817528
R44,义和商业街,tertiary,2015-09-03T08:39:32Z,Virgil Guo,2,306263538
R45,乐平路,tertiary,2017-09-16T05:45:07Z,Virgil Guo,1,525086025
R46,乐水路,tertiary,2017-08-02T07:58:08Z,Virgil Guo,2,367857874
R47,九华山路,tertiary,2017-11-16T22:06:20Z,Virgil Guo,15,93291695
R48,九顶山路,tertiary,2018-01-28T04:04:52Z,hanchao,9,197128469
R49,九龙路,tertiary,2018-02-12T02:24:06Z,Seandebasti,9,162533676
R50,习友南路,secondary,2016-09-03T14:38:29Z,Virgil Guo,28,24568427
R51,习友路,primary,2018-02-12T11:55:27Z,Seandebasti,19,303054714
R52,习友路,primary,2017-09-26T12:45:38Z,Austin Zhu,2,526554837
R53,书箱路,tertiary,2018-03-22T02:05:10Z,Virgil Guo,4,376674871
R54,乳泉路,secondary,2017-07-11T15:32:20Z,Virgil Guo,1,506741020
R55,云南路,tertiary,2017-02-15T18:18:35Z,ff5722,5,367829393
R56,云海路,tertiary,2017-02-18T16:12:32Z,jamesks,4,197111910
R57,云谷路,primary,2018-04-03T00:57:27Z,Virgil Guo,3,302362871
R58,云谷路,primary,2018-02-12T15:30:09Z,Seandebasti,4,302362873
R59,云谷路,primary,2016-03-17T22:20:23Z,RichRico,5,302362870
R60,五河路,tertiary,2017-07-29T15:09:30Z,Virgil Guo,3,334120710
R61,井岗路,secondary,2017-08-02T13:38:21Z,Virgil Guo,4,305872547
R62,亳州路,secondary,2018-03-19T07:56:17Z,Newsta,20,24783229
R63,亳州路,secondary,2017-09-21T22:13:18Z,Virgil Guo,6,304258410
R64,亳州路桥,secondary,2016-01-30T06:06:13Z,自由分享,4,266508164
R65,人民路,secondary,2017-09-16T05:45:13Z,Virgil Guo,7,217646567
R66,仙人路,tertiary,2018-03-22T02:05:09Z,Virgil Guo,3,88779411
R67,仙霞路,secondary,2017-09-16T05:45:17Z,Virgil Guo,4,298641872
R68,仙霞路,tertiary,2017-09-16T05:45:06Z,Virgil Guo,1,525086021
R69,仰桥路,secondary,2017-08-02T13:38:22Z,Virgil Guo,9,305873086
R70,仰桥路,secondary,2015-01-15T17:01:04Z,Rub21,4,202557192
R71,休宁路,secondary,2017-09-21T18:44:04Z,Virgil Guo,23,24568485
R72,休宁路,tertiary,2018-01-20T23:11:31Z,Virgil Guo,1,554571841
R73,体育路,primary,2017-08-07T05:37:11Z,Virgil Guo,5,265032067
R74,体育路,tertiary,2017-09-16T05:45:14Z,Virgil Guo,4,298610769
R75,佛子岭路,tertiary,2018-02-19T23:22:35Z,Virgil Guo,6,115306523
R76,佛掌南路,secondary,2015-08-27T14:58:56Z,Virgil Guo,1,367829390
R77,佛掌南路,tertiary,2017-05-14T06:58:36Z,Virgil Guo,3,323379085
R78,佛掌路,tertiary,2016-09-03T14:38:32Z,Virgil Guo,12,88798985
R79,元店路,tertiary,2017-05-02T12:31:46Z,ff5722,2,437046260
R80,全椒路,secondary,2017-08-07T05:37:06Z,Virgil Guo,9,191687023
R81,全椒路（公交专用）,secondary,2017-08-07T05:37:06Z,Virgil Guo,14,151494074
R82,八公山路,tertiary,2018-02-12T11:55:23Z,Seandebasti,6,217633709
R83,公园路,tertiary,2017-10-12T02:27:21Z,Virgil Guo,3,473675445
R84,公园路,tertiary,2017-02-11T10:11:50Z,w568w,4,369027485
R85,公园路,tertiary,2016-01-30T06:06:14Z,自由分享,2,369027486
R86,公园路,tertiary_link,2017-02-10T00:17:42Z,jamesks,1,473675447
R87,公铁立交桥,trunk,2017-08-23T07:57:19Z,Virgil Guo,4,123934863
R88,六安路,tertiary,2017-09-22T00:29:50Z,Virgil Guo,1,526613134
R89,六长路,tertiary,2017-07-13T11:04:01Z,Virgil Guo,5,367972576
R90,兰州路,tertiary,2017-12-31T19:52:05Z,Virgil Guo,2,512860099
R91,关井路,secondary,2017-08-05T13:58:29Z,Virgil Guo,2,512442963
R92,关井路,tertiary,2017-11-08T02:20:53Z,Virgil Guo,3,417724287
R93,关井路,tertiary,2016-05-12T22:07:18Z,RoadMapsYou,1,417725015
R94,兴业大道,secondary,2018-04-09T22:46:17Z,Virgil Guo,8,252130257
R95,兴旺路,tertiary,2017-08-02T14:00:24Z,Virgil Guo,6,305849663
R96,兴油路,tertiary,2017-08-02T07:58:09Z,Virgil Guo,5,367857884
R97,兴港路,tertiary,2017-08-02T07:58:03Z,Virgil Guo,1,512242120
R98,兴烔路,primary,2017-08-10T06:35:39Z,Virgil Guo,4,367993013
R99,兴隆路,tertiary,2017-06-07T11:08:53Z,Virgil Guo,6,305849658
R100,养正路,tertiary,2017-07-13T11:04:02Z,Virgil Guo,6,367972579
R101,内蒙路,tertiary,2017-09-21T22:13:23Z,Virgil Guo,3,342989504
R102,农兴路,secondary,2015-09-03T15:54:42Z,Virgil Guo,1,368957388
R103,农聚路,tertiary,2017-09-08T13:16:49Z,Virgil Guo,8,243273773
R104,农贸路,secondary,2017-08-11T12:57:08Z,Virgil Guo,3,259714383
R105,冬梅路,tertiary,2018-02-12T02:24:14Z,Seandebasti,3,89405930
R106,冬至路,secondary,2016-02-18T14:18:42Z,自由分享,2,333418733
R107,冬至路,tertiary,2017-02-18T16:12:33Z,jamesks,9,89635750
R108,冯城街,tertiary,2015-09-03T08:39:32Z,Virgil Guo,3,306262644
R109,凌云路,tertiary,2018-02-12T11:55:22Z,Seandebasti,7,217633713
R110,凤凰桥路,tertiary,2017-08-02T13:38:18Z,Virgil Guo,12,24568385
R111,凤台路,secondary,2017-08-02T15:05:06Z,Virgil Guo,15,91172539
R112,凤台路桥,secondary,2016-02-01T03:51:56Z,自由分享,2,394768669
R113,凤庆路,tertiary,2017-07-02T08:22:53Z,Virgil Guo,3,197128482
R114,凤淮路,secondary,2017-08-02T16:47:20Z,Virgil Guo,3,334113425
R115,凤锦路,tertiary,2018-01-28T03:11:59Z,hanchao,3,197126830
R116,凤阳东路,secondary,2017-06-05T09:35:05Z,Virgil Guo,4,191687020
R117,凤阳东路,tertiary,2017-06-05T09:35:04Z,Virgil Guo,2,361113799
R118,凤霞路,tertiary,2018-01-28T03:11:57Z,hanchao,4,197126828
R119,凤麟路,primary_link,2016-05-13T16:57:25Z,RoadMapsYou,1,417919209
R120,凤麟路,secondary,2018-01-28T03:11:59Z,hanchao,7,197126825
R121,出口：潜山路 习友路,trunk_link,2015-01-29T05:06:36Z,AUV,1,325126427
R122,出口：高速,trunk_link,2015-01-29T05:06:36Z,AUV,1,325126426
R123,创新大道,primary,2018-02-12T15:30:08Z,Seandebasti,13,197112364
R124,创新大道,primary,2017-09-22T00:30:02Z,Virgil Guo,2,512320929
R125,创新大道,primary,2016-06-28T08:30:03Z,wanderlustig,7,197130585
R126,创新大道,tertiary,2016-06-28T08:30:02Z,wanderlustig,3,197130582
R127,利辛路,secondary,2017-07-30T10:01:10Z,Virgil Guo,3,346126325
R128,前岭路,tertiary,2017-11-08T02:20:54Z,Virgil Guo,5,412970752
R129,前江路,tertiary,2017-08-05T13:58:27Z,Virgil Guo,4,417722477
R130,包公大道,primary,2017-09-26T11:58:13Z,Austin Zhu,4,236107647
R131,包公大道,secondary,2016-08-13T16:53:24Z,Virgil Guo,5,236107656
R132,包公大道,trunk,2017-08-03T04:42:34Z,Virgil Guo,2,378660281
R133,包公路,primary,2015-09-13T02:46:06Z,Virgil Guo,6,246315712
R134,包河大道,primary,2017-09-26T11:58:45Z,Austin Zhu,3,512860141
R135,包河大道,trunk,2017-12-31T19:51:56Z,Virgil Guo,11,298585075
R136,包河大道,trunk,2017-09-26T11:58:45Z,Austin Zhu,2,512860086
R137,包河大道,trunk,2016-03-30T20:52:37Z,RichRico,7,298627448
R138,包河大道桥,primary,2017-09-26T11:58:17Z,Austin Zhu,6,298627444
R139,包河大道桥,trunk,2015-11-06T14:59:40Z,Virgil Guo,2,298627445
R140,包河大道高架,trunk,2017-09-28T04:49:12Z,Austin Zhu,4,526571610
R141,北一环四里河高架,trunk,2017-09-26T10:34:18Z,Austin Zhu,4,395072690
R142,北一环路,trunk,2017-09-26T10:34:34Z,Austin Zhu,2,526581114
R143,北二环路,primary,2017-09-26T12:45:21Z,Austin Zhu,3,475475428
R144,北二环路,trunk,2018-03-26T23:30:44Z,Virgil Guo,17,378675082
R145,北京路,primary,2017-09-26T12:45:33Z,Austin Zhu,2,513084860
R146,北京路,trunk,2017-08-05T12:35:22Z,Virgil Guo,5,306279280
R147,北含山路,tertiary,2018-04-10T22:19:24Z,Virgil Guo,11,194237886
R148,北城大道,primary,2017-08-02T14:00:25Z,Virgil Guo,2,498832921
R149,北海路,tertiary,2016-09-03T14:38:32Z,Virgil Guo,6,88779522
R150,北街,tertiary,2015-11-01T03:05:57Z,Virgil Guo,1,377811648
R151,北部湾路,tertiary,2016-03-10T17:53:14Z,RichRico,2,367962988
R152,北雁湾路,tertiary,2018-02-12T14:21:29Z,Seandebasti,6,376673590
R153,匡河路,tertiary,2017-03-12T16:38:50Z,Virgil Guo,5,290629767
R154,十五里河桥,primary,2018-01-25T19:48:34Z,Virgil Guo,6,494788968
R155,半岛路,tertiary,2018-02-06T00:41:30Z,Virgil Guo,4,320140874
R156,华一路,tertiary,2017-08-29T14:10:12Z,Virgil Guo,2,474873013
R157,华三路,tertiary,2017-08-29T14:10:12Z,Virgil Guo,2,474873011
R158,华二路,secondary,2018-02-12T02:24:07Z,Seandebasti,3,474873009
R159,华南大道,secondary,2017-08-29T14:10:09Z,Virgil Guo,2,474873016
R160,华山路,secondary,2018-03-21T23:56:23Z,Virgil Guo,12,367395998
R161,华山路,tertiary,2018-02-12T02:24:06Z,Seandebasti,7,217646537
R162,华阳路,tertiary,2017-10-27T23:06:07Z,Virgil Guo,1,536212415
R163,南一环路,trunk,2018-03-12T08:05:51Z,Newsta,10,115388951
R164,南一环路,trunk,2017-09-28T01:01:21Z,Virgil Guo,10,115388950
R165,南一环路,trunk,2017-09-26T10:34:35Z,Austin Zhu,2,526581136
R166,南一环路,trunk_link,2017-09-26T11:58:14Z,Austin Zhu,6,267950714
R167,南二环路,secondary,2017-09-21T18:43:52Z,Virgil Guo,1,526554830
R168,南二环路,trunk,2018-03-26T22:52:10Z,Virgil Guo,11,305878413
R169,南二环路,trunk,2017-09-26T10:34:08Z,Austin Zhu,16,304242792
R170,南京路,tertiary,2017-12-27T22:21:57Z,Virgil Guo,12,319978052
R171,南京路,tertiary,2015-01-02T10:34:40Z,peisen_wang,2,319979573
R172,南北一号高架,trunk,2018-03-14T03:45:06Z,LJpnice,11,329246853
R173,南北一号高架,trunk,2017-09-28T04:49:12Z,Austin Zhu,5,526571621
R174,南含山路,tertiary,2016-10-30T04:00:01Z,汤鹏程,4,194237893
R175,南大街,secondary,2015-09-03T08:39:31Z,Virgil Guo,6,306262527
R176,南宁东路,secondary,2018-03-21T23:56:18Z,Virgil Guo,8,367458710
R177,南宁东路,secondary,2016-12-15T08:14:29Z,Han大大,2,397757595
R178,南宁西路,secondary,2017-05-04T18:06:52Z,sebastic,12,359081373
R179,南宁西路,secondary,2016-04-25T20:46:15Z,RichRico,15,359081375
R180,南屏路,tertiary,2017-06-21T11:02:41Z,WeiChvn,4,319975438
R181,南淝河大桥,primary,2018-01-25T19:48:35Z,Virgil Guo,6,368903382
R182,南淝河路,primary,2017-12-27T21:35:43Z,Virgil Guo,14,306292474
R183,南湾路,tertiary,2015-09-13T05:38:59Z,Virgil Guo,1,370380718
R184,南薰门桥,trunk,2017-09-26T10:33:58Z,Austin Zhu,8,267950723
R185,南陵路,tertiary,2017-08-03T02:31:25Z,Virgil Guo,5,344505063
R186,南陵路,tertiary,2016-10-30T02:50:01Z,汤鹏程,1,450150394
R187,南陵路,tertiary,2016-04-26T10:30:15Z,peisen_wang,3,217639317
R188,卧云路,tertiary,2017-02-18T16:12:34Z,jamesks,9,195844738
R189,卧龙路,tertiary,2017-11-08T02:20:54Z,Virgil Guo,5,414800335
R190,卫星路,tertiary,2017-09-08T13:16:51Z,Virgil Guo,4,302364019
R191,双凤路,secondary,2018-01-28T03:11:56Z,hanchao,1,556388860
R192,双凤路,tertiary,2018-01-28T03:11:58Z,hanchao,8,197127149
R193,双塘路,tertiary,2016-02-10T10:34:35Z,Virgil Guo,3,391772825
R194,双墩路,tertiary,2017-07-30T10:01:10Z,Virgil Guo,2,498832908
R195,双拥路,secondary,2017-07-11T09:28:00Z,Virgil Guo,2,369118717
R196,双水路,tertiary,2017-07-30T14:05:08Z,Virgil Guo,3,346124956
R197,叠嶂路,tertiary,2017-08-03T05:56:35Z,Virgil Guo,10,89380794
R198,叠翠峰路,tertiary,2017-11-08T02:20:53Z,Virgil Guo,5,412970757
R199,古河路,secondary,2017-07-11T15:32:21Z,Virgil Guo,2,369027473
R200,台湾路,tertiary,2017-12-31T19:51:56Z,Virgil Guo,5,367396003
R201,史河路,secondary,2017-09-22T00:30:03Z,Virgil Guo,15,89534968
R202,合作化南路,primary,2017-09-26T12:45:38Z,Austin Zhu,2,526554823
R203,合作化南路高架桥,trunk,2017-09-28T04:48:57Z,Austin Zhu,10,262824314
R204,合作化路,trunk_link,2017-09-28T04:49:04Z,Austin Zhu,5,329248499
R205,合巢路,tertiary,2018-03-26T23:19:24Z,Virgil Guo,5,512471813
R206,合掌路,tertiary,2017-05-14T06:58:34Z,Virgil Guo,3,195845905
R207,合欢路,tertiary,2017-08-05T16:02:05Z,Virgil Guo,8,89388216
R208,合欢路,tertiary,2015-05-28T20:39:13Z,samely,6,324750793
R209,合水路,primary,2015-09-13T04:19:19Z,Virgil Guo,5,305830304
R210,合瓦路,tertiary,2018-02-01T05:57:13Z,joeyzkj,2,450838538
R211,合瓦路,tertiary,2017-08-02T15:05:07Z,Virgil Guo,9,91172532
R212,合瓦路,tertiary,2016-11-02T17:48:24Z,katpatuka,1,450838539
R213,合白路,secondary,2017-06-04T07:02:34Z,Virgil Guo,4,370381523
R214,合相路,primary,2018-04-02T22:03:35Z,Virgil Guo,7,234563261
R215,合蚌路,primary,2017-10-12T02:27:20Z,Virgil Guo,3,422783188
R216,合蚌路,tertiary,2016-03-16T13:42:12Z,伟那个锅锅,1,404077075
R217,合钢桥,trunk,2017-09-26T12:45:05Z,Austin Zhu,10,305858864
R218,合马路,primary,2017-08-23T09:38:07Z,Virgil Guo,6,506659896
R219,君山路,tertiary,2017-06-07T11:08:50Z,Virgil Guo,5,412973900
R220,吴敬梓路,secondary,2017-08-05T12:35:20Z,Virgil Guo,2,512999884
R221,呈坎路,tertiary,2016-02-14T06:10:40Z,Virgil Guo,5,112860996
R222,周谷堆路,tertiary,2015-03-21T17:44:38Z,AUV,5,306256243
R223,和平路,secondary,2017-08-05T13:58:30Z,Virgil Guo,14,306272240
R224,和平路下穿桥,secondary,2017-08-03T02:31:24Z,Virgil Guo,3,306271825
R225,哈尔滨路,tertiary,2017-09-21T22:13:22Z,Virgil Guo,7,333938456
R226,响洪甸路,tertiary,2018-02-12T15:30:06Z,Seandebasti,9,197112365
R227,响洪甸路,tertiary,2017-02-15T18:18:10Z,ff5722,1,474872995
R228,唐杨路,tertiary,2017-05-02T12:31:42Z,ff5722,4,369027488
R229,唐疃路,tertiary,2017-11-05T21:57:48Z,Virgil Guo,2,406783544
R230,嘉山路,secondary,2017-07-29T11:29:28Z,Virgil Guo,3,346126360
R231,嘉山路桥,secondary,2017-07-29T11:29:28Z,Virgil Guo,2,395204186
R232,嘉山路桥,tertiary,2016-02-01T03:51:56Z,自由分享,2,378675067
R233,嘉陵江路,tertiary,2018-03-21T23:56:20Z,Virgil Guo,15,367379110
R234,四川路,tertiary,2018-03-21T23:56:20Z,Virgil Guo,18,303075212
R235,四泉桥,primary,2017-09-26T11:08:38Z,Austin Zhu,9,303058813
R236,四里河桥,trunk,2017-08-03T04:42:10Z,Virgil Guo,5,378675081
R237,四里河路,trunk,2017-10-30T03:20:39Z,Austin Zhu,2,490910302
R238,四里河路,trunk,2017-09-21T18:44:01Z,Virgil Guo,16,192034724
R239,四里河路,trunk,2016-01-31T13:29:16Z,自由分享,3,304255927
R240,四里河路四里河高架,trunk,2016-01-31T13:29:17Z,自由分享,3,304255925
R241,四顶山路,tertiary,2017-07-11T15:32:24Z,Virgil Guo,6,306266021
R242,团结路,primary,2017-08-05T04:23:16Z,Virgil Guo,1,512999876
R243,团结路,tertiary,2017-07-10T07:55:56Z,Virgil Guo,2,369104034
R244,团结路,tertiary,2017-02-18T13:32:33Z,jamesks,3,369104040
R245,固镇路,tertiary,2017-09-21T18:43:51Z,Virgil Guo,1,526554817
R246,国一路,tertiary,2017-08-29T14:10:03Z,Virgil Guo,1,519659427
R247,国三路,tertiary,2017-08-29T14:10:12Z,Virgil Guo,2,474873008
R248,国二路,secondary,2017-08-29T14:10:04Z,Virgil Guo,1,519659432
R249,国际大道,secondary,2018-02-12T02:24:06Z,Seandebasti,3,519659422
R250,国际大道,secondary,2017-09-26T12:45:36Z,Austin Zhu,2,519659423
R251,土山路,tertiary,2016-03-11T20:14:19Z,calfarome,3,367857879
R252,圩新路,tertiary,2017-06-04T06:42:23Z,Virgil Guo,1,497980643
R253,城东湖路,tertiary,2015-10-17T10:22:31Z,Virgil Guo,4,217646546
R254,城西湖路,tertiary,2018-02-12T11:55:23Z,Seandebasti,6,217646557
R255,塘西河桥,primary,2018-01-25T19:48:33Z,Virgil Guo,3,513967782
R256,壶天路,tertiary,2018-03-22T02:05:10Z,Virgil Guo,2,88779410
R257,复兴路,tertiary,2018-02-12T11:55:31Z,Seandebasti,4,376673589
R258,复兴路,tertiary,2017-12-31T19:52:07Z,Virgil Guo,3,376794474
R259,夏园路,tertiary,2017-08-06T08:25:25Z,Virgil Guo,5,92355595
R260,大众路,secondary,2017-08-07T04:22:23Z,Virgil Guo,2,513101363
R261,大创路,tertiary,2017-07-30T14:05:07Z,Virgil Guo,3,346124960
R262,大别山路,secondary,2018-02-12T14:21:32Z,Seandebasti,2,512320937
R263,大别山路,secondary,2017-09-22T00:30:02Z,Virgil Guo,2,512320945
R264,大强路,secondary,2016-09-03T14:38:26Z,Virgil Guo,2,319999895
R265,大禹路,secondary,2017-11-08T02:20:54Z,Virgil Guo,2,502727022
R266,大联圩路,secondary,2018-01-25T08:23:24Z,Virgil Guo,2,517906336
R267,大连路,secondary,2017-12-31T19:52:05Z,Virgil Guo,8,306294368
R268,大通路,tertiary,2017-06-07T09:33:43Z,Virgil Guo,7,306252948
R269,大通路,tertiary,2016-10-30T02:58:54Z,汤鹏程,3,305827272
R270,大郭路,secondary,2016-08-13T16:53:24Z,Virgil Guo,2,368896245
R271,大龙山路,tertiary,2018-02-12T11:55:27Z,Seandebasti,5,391862473
R272,天乐路,tertiary,2017-08-05T16:01:56Z,Virgil Guo,1,513123407
R273,天山路,tertiary,2017-12-27T22:21:51Z,Virgil Guo,1,549421632
R274,天智路,tertiary,2017-08-05T16:01:54Z,Virgil Guo,1,513123393
R275,天柱山大道,secondary,2017-09-10T17:02:38Z,Virgil Guo,1,523373483
R276,天柱路,secondary,2017-08-06T06:21:51Z,Virgil Guo,2,513123424
R277,天水路,primary,2018-03-14T19:49:13Z,Virgil Guo,6,305828698
R278,天水路,primary,2018-01-28T04:04:52Z,hanchao,17,105593541
R279,天水路,primary,2016-02-01T03:51:57Z,自由分享,2,305828288
R280,天水路,tertiary,2015-01-15T17:01:11Z,Rub21,2,305828693
R281,天水路,tertiary,2014-10-01T09:05:52Z,汤鹏程,1,305828695
R282,天河路,tertiary,2017-07-30T10:54:23Z,Virgil Guo,5,196817520
R283,天波路,tertiary,2017-08-05T16:02:17Z,Virgil Guo,5,89534789
R284,天津路,primary,2018-03-21T23:56:26Z,Virgil Guo,5,430159168
R285,天津路,primary,2017-11-13T23:24:05Z,SuperUser1,8,333938537
R286,天津路,secondary,2017-09-21T22:13:22Z,Virgil Guo,2,512860122
R287,天海路,tertiary,2018-02-12T15:30:09Z,Seandebasti,7,298601377
R288,天湖路,tertiary,2017-08-05T16:02:06Z,Virgil Guo,10,89388279
R289,天竹路,tertiary,2018-02-12T03:27:45Z,Seandebasti,5,89405929
R290,天达路,tertiary,2017-08-06T06:21:51Z,Virgil Guo,2,513123418
R291,天通路,tertiary,2017-08-05T16:01:59Z,Virgil Guo,1,513123432
R292,天都路,secondary,2018-02-12T03:27:50Z,Seandebasti,15,25635946
R293,天鹅湖路,tertiary,2018-02-25T05:18:22Z,Virgil Guo,14,89764821
R294,天龙路,tertiary,2017-08-02T13:38:22Z,Virgil Guo,6,197112366
R295,太原路,tertiary,2017-12-31T19:52:03Z,Virgil Guo,2,512860114
R296,太和路,tertiary,2017-07-30T10:54:21Z,Virgil Guo,8,196817523
R297,太子山路,tertiary,2015-09-04T13:35:50Z,Virgil Guo,1,369104025
R298,太湖路,secondary,2018-03-26T23:11:45Z,Virgil Guo,3,513484710
R299,奎河路,tertiary,2018-01-28T04:04:52Z,hanchao,5,197125560
R300,奎河路,tertiary,2017-06-07T11:08:52Z,Virgil Guo,2,417720111
R301,始信路,secondary,2017-02-18T16:12:33Z,jamesks,12,195844299
R302,姚王路,tertiary,2015-08-28T13:41:07Z,Virgil Guo,4,246321593
R303,姜家湖路,tertiary,2018-02-12T15:30:14Z,Seandebasti,3,217646566
R304,孔雀台路,secondary,2017-02-15T18:18:40Z,ff5722,3,391858714
R305,孔雀台路,tertiary,2017-08-02T13:38:22Z,Virgil Guo,3,391857056
R306,孝肃桥,primary,2016-06-04T04:38:37Z,汤鹏程,5,353449883
R307,学府路,secondary,2017-08-05T13:58:28Z,Virgil Guo,14,305868538
R308,学林路,secondary,2017-08-05T13:58:29Z,Virgil Guo,2,512442960
R309,学林路,secondary,2016-05-12T22:34:50Z,RoadMapsYou,2,412970777
R310,学林路,tertiary,2016-05-12T22:34:45Z,RoadMapsYou,1,417728341
R311,宁国南路,secondary,2018-03-26T23:11:45Z,Virgil Guo,4,512826492
R312,宁国路,secondary,2017-08-07T05:37:15Z,Virgil Guo,4,422751287
R313,宁夏路,tertiary,2017-08-04T12:55:18Z,Virgil Guo,3,370373799
R314,宁西路,secondary,2018-02-12T11:55:34Z,Seandebasti,10,195681744
R315,安乐路,tertiary,2015-09-04T13:35:52Z,Virgil Guo,1,369104048
R316,安兴路,tertiary,2017-09-07T15:01:13Z,Virgil Guo,2,521996757
R317,安凯路,tertiary,2017-09-21T22:13:13Z,Virgil Guo,1,526597719
R318,安庆路,secondary,2018-04-10T22:19:20Z,Virgil Guo,16,305822687
R319,安庆路,secondary,2016-02-18T14:18:44Z,自由分享,2,305822685
R320,安庆路,secondary,2015-01-15T17:01:14Z,Rub21,2,305822684
R321,安庆路,tertiary,2017-09-22T00:29:59Z,Virgil Guo,11,328170796
R322,安盛路,tertiary,2017-09-07T15:25:34Z,Virgil Guo,2,522155496
R323,宋斗湾桥,tertiary,2016-01-30T06:06:21Z,自由分享,5,306256242
R324,宋斗湾路,tertiary,2015-03-21T17:44:38Z,AUV,5,306256306
R325,宏图大道,primary,2017-07-11T15:32:24Z,Virgil Guo,5,306265860
R326,宏村路,tertiary,2017-08-02T09:11:12Z,Virgil Guo,4,319975682
R327,官亭路,tertiary,2017-06-07T08:46:06Z,Virgil Guo,3,197107465
R328,定远路,tertiary,2017-06-05T09:35:04Z,Virgil Guo,6,92355593
R329,宣城路,tertiary,2017-06-04T10:20:28Z,Virgil Guo,10,90953197
R330,宣城路桥,tertiary,2017-06-04T10:20:25Z,Virgil Guo,1,498016141
R331,宿州路,secondary,2018-04-10T22:19:23Z,Virgil Guo,11,305821898
R332,宿松路,primary,2018-02-12T03:27:51Z,Seandebasti,6,197111909
R333,宿松路,primary,2018-01-20T23:26:31Z,Virgil Guo,12,116854913
R334,宿松路,primary,2017-02-18T16:12:27Z,jamesks,1,475496235
R335,富康路,tertiary,2017-07-30T14:05:09Z,Virgil Guo,2,196818308
R336,寿春东路,primary,2017-06-01T09:55:34Z,Virgil Guo,10,304252345
R337,寿春东路,primary,2016-06-03T07:42:08Z,汤鹏程,6,115388490
R338,寿春路,primary,2018-04-10T22:19:25Z,Virgil Guo,2,526571639
R339,寿春路,primary,2016-01-31T13:29:17Z,自由分享,2,304252347
R340,寿春路,primary,2014-09-20T17:05:15Z,汤鹏程,1,304252346
R341,寿春路,primary_link,2017-10-28T23:51:57Z,Virgil Guo,6,273397478
R342,寿春路桥,primary,2017-08-02T10:24:03Z,Virgil Guo,8,115388488
R343,将军岭路,secondary,2018-02-12T15:30:07Z,Seandebasti,3,474873014
R344,将军岭路,secondary,2016-03-11T15:03:19Z,calfarome,3,391857060
R345,小蜀山路,tertiary,2018-04-09T22:46:17Z,Virgil Guo,2,336951586
R346,少泉湖隧道,primary,2018-03-15T04:45:02Z,Virgil Guo,1,569809809
R347,少荃湖隧道,primary,2018-03-15T04:45:02Z,Virgil Guo,1,569809808
R348,少荃街,tertiary,2018-03-15T04:45:04Z,Virgil Guo,3,412970759
R349,屏山路,secondary,2016-09-03T14:38:28Z,Virgil Guo,3,319975597
R350,屯溪路桥,primary,2017-09-26T11:58:33Z,Austin Zhu,4,394768677
R351,屯溪路桥,trunk,2017-09-26T10:34:18Z,Austin Zhu,3,394768675
R352,山东路,tertiary,2017-08-24T04:54:29Z,Virgil Guo,3,474873074
R353,山湖路,tertiary,2017-08-02T13:38:21Z,Virgil Guo,8,192027381
R354,岱河路,secondary,2016-08-13T16:53:24Z,Virgil Guo,3,412970771
R355,岱河路,secondary,2016-05-12T22:07:24Z,RoadMapsYou,2,412970770
R356,岱河路,tertiary,2017-08-03T04:42:37Z,Virgil Guo,13,115376044
R357,岱河路,tertiary,2016-05-12T22:15:43Z,RoadMapsYou,3,417724279
R358,岳西路,tertiary,2017-08-03T06:40:01Z,Virgil Guo,1,512471679
R359,嵩山路,tertiary,2018-03-21T23:56:15Z,Virgil Guo,1,571836453
R360,巢湖南路,primary,2017-09-21T22:13:24Z,Virgil Guo,4,474873065
R361,巢湖路,primary,2018-01-24T22:39:02Z,Virgil Guo,4,298601379
R362,巢湖路,primary,2016-02-20T15:54:08Z,自由分享,3,246315677
R363,巢湖路,primary,2015-01-15T17:01:16Z,Rub21,2,302363552
R364,巢湖路,secondary,2017-08-24T04:46:01Z,Virgil Guo,2,474873061
R365,巢湖路,tertiary,2017-08-02T09:11:04Z,Virgil Guo,1,512262922
R366,幸福路,tertiary,2017-08-05T04:23:20Z,Virgil Guo,4,332475533
R367,广德路,secondary,2017-08-05T13:58:26Z,Virgil Guo,4,475493227
R368,广德路,tertiary,2017-08-05T04:23:22Z,Virgil Guo,7,361114011
R369,广德路,tertiary,2016-06-04T06:52:29Z,汤鹏程,2,378660794
R370,广西路,secondary,2017-12-31T19:51:59Z,Virgil Guo,4,378670593
R371,广西路桥,secondary,2015-11-06T14:59:21Z,Virgil Guo,1,378670594
R372,庐州大道,primary,2018-03-21T23:56:25Z,Virgil Guo,2,549421610
R373,庐州大道桥,primary,2016-02-14T09:59:52Z,Virgil Guo,2,378670588
R374,庐江路,tertiary,2018-04-10T22:19:22Z,Virgil Guo,17,194237888
R375,店费路,secondary,2017-07-11T13:07:54Z,Virgil Guo,4,437046259
R376,康乐路,tertiary,2017-06-07T11:08:53Z,Virgil Guo,5,305849661
R377,延乔路,tertiary,2018-02-12T20:19:12Z,Seandebasti,6,217646558
R378,延安路,tertiary,2017-12-31T19:52:05Z,Virgil Guo,12,24568378
R379,建安大道,tertiary,2017-07-23T09:29:10Z,Kostik,2,494698932
R380,建设路,primary,2015-11-13T11:51:44Z,Virgil Guo,1,380062591
R381,引针路,tertiary,2017-08-03T05:56:36Z,Virgil Guo,10,87494445
R382,当涂北路,primary,2017-09-26T12:45:05Z,Austin Zhu,9,305859646
R383,当涂路,primary,2017-10-28T23:51:56Z,Virgil Guo,6,512284114
R384,当涂路,primary,2017-09-26T12:45:34Z,Austin Zhu,2,513101365
R385,当涂路桥,primary,2017-09-26T12:45:05Z,Austin Zhu,5,305859644
R386,彩虹路,tertiary,2018-01-02T23:00:44Z,Virgil Guo,4,475500729
R387,彩虹路,tertiary,2017-02-15T18:18:40Z,ff5722,2,391858707
R388,彩虹路,tertiary,2016-03-30T19:36:44Z,dannykath,2,391858706
R389,徽中路,tertiary,2017-09-07T15:25:35Z,Virgil Guo,2,522155491
R390,徽华路,tertiary,2017-09-07T15:25:34Z,Virgil Guo,2,522155494
R391,徽富路,tertiary,2017-09-07T15:25:35Z,Virgil Guo,2,522155484
R392,徽州大道,primary,2018-04-10T22:19:23Z,Virgil Guo,3,512283951
R393,徽州大道,primary,2018-03-21T09:29:37Z,Newsta,13,303071814
R394,徽州大道,primary,2017-09-30T06:47:31Z,Austin Zhu,2,512326915
R395,徽州大道,secondary,2018-03-24T02:36:30Z,Virgil Guo,2,517718231
R396,徽州大道,tertiary,2018-03-24T02:36:30Z,Virgil Guo,18,298572972
R397,徽州大道,trunk,2017-08-02T10:23:52Z,Virgil Guo,12,303067754
R398,徽州大道桥,primary,2016-02-20T15:54:09Z,自由分享,3,319978843
R399,徽州大道桥,secondary,2016-02-20T15:54:09Z,自由分享,3,319978834
R400,徽州大道桥,trunk,2016-02-20T15:54:09Z,自由分享,5,319978836
R401,徽州大道辅道,primary,2017-09-26T11:58:21Z,Austin Zhu,3,303073808
R402,徽州大道辅道,primary,2017-09-22T01:35:44Z,Virgil Guo,16,116856794
R403,徽州大道辅道,primary_link,2018-03-12T21:46:20Z,Virgil Guo,20,303067084
R404,徽州大道辅道,secondary,2018-03-21T23:56:21Z,Virgil Guo,12,319978833
R405,徽州大道辅道,tertiary,2018-03-21T23:56:19Z,Virgil Guo,13,298577619
R406,徽州大道高架,trunk,2017-09-28T04:49:05Z,Austin Zhu,6,395100157
R407,徽强路,tertiary,2017-09-07T15:25:35Z,Virgil Guo,2,522155488
R408,徽毫路,tertiary,2017-06-23T14:37:58Z,Virgil Guo,8,89380755
R409,怀宁南路,secondary,2018-02-25T04:54:15Z,Virgil Guo,2,526554798
R410,怀宁南路,secondary,2015-06-13T07:23:28Z,AUV,7,89380754
R411,怀宁路,primary,2017-10-27T23:06:16Z,Virgil Guo,13,304241539
R412,怀宁路,primary,2015-08-05T14:44:13Z,abel801,7,304242256
R413,怀宁路,primary,2015-02-19T08:43:19Z,AUV,5,304242266
R414,怀宁路,secondary,2017-09-22T00:30:03Z,Virgil Guo,6,304241420
R415,怀宁路,secondary,2017-03-12T13:17:58Z,jamesks,2,304241540
R416,怀远路,tertiary,2017-11-08T02:20:55Z,Virgil Guo,7,417722495
R417,恒大路,primary,2016-01-30T06:06:12Z,自由分享,1,394768678
R418,恒山路,tertiary,2018-02-12T11:55:35Z,Seandebasti,7,217633716
R419,成都路,secondary,2017-11-21T21:55:46Z,Virgil Guo,3,367458740
R420,成都路,secondary,2016-04-01T14:52:38Z,RichRico,6,367458742
R421,成都路,secondary,2016-03-15T16:03:35Z,karitotp,9,359081370
R422,扬子江路,tertiary,2017-09-07T15:01:14Z,Virgil Guo,7,367458763
R423,扶疏路,tertiary,2018-04-11T05:56:55Z,Virgil Guo,5,196816355
R424,护城路,tertiary,2017-07-11T15:32:20Z,Virgil Guo,1,506741014
R425,拱辰门桥,secondary,2017-07-29T15:23:25Z,Virgil Guo,2,394768679
R426,拱辰门桥,secondary,2016-01-30T06:06:23Z,自由分享,4,266509293
R427,指南路,secondary,2017-11-05T21:57:48Z,Virgil Guo,4,357534719
R428,振兴路,secondary,2016-02-10T10:34:31Z,Virgil Guo,3,312140900
R429,振兴路,tertiary,2018-04-09T22:46:18Z,Virgil Guo,2,380062607
R430,撮镇路,primary,2017-07-11T15:32:24Z,Virgil Guo,8,381110139
R431,撮镇路,tertiary,2015-09-04T04:01:10Z,Virgil Guo,3,115373444
R432,支河路,tertiary,2017-08-08T13:24:48Z,Virgil Guo,1,513948068
R433,敬亭山路,tertiary,2017-08-07T06:11:56Z,Virgil Guo,7,306268229
R434,敬亭山路,tertiary,2015-03-19T13:43:25Z,AUV,1,333573330
R435,文山路,tertiary,2018-02-12T15:30:08Z,Seandebasti,2,519659412
R436,文山路,tertiary,2017-08-29T14:10:04Z,Virgil Guo,1,519659436
R437,文忠路,primary,2018-03-15T04:45:04Z,Virgil Guo,11,360891284
R438,文忠路,primary,2017-09-26T12:45:30Z,Austin Zhu,2,512442953
R439,文忠路,secondary,2017-05-02T12:31:43Z,ff5722,5,373437540
R440,文忠路,tertiary,2016-05-12T22:07:35Z,RoadMapsYou,5,373437542
R441,文忠路,trunk_link,2017-08-03T04:42:04Z,Virgil Guo,1,512442969
R442,文曲路,tertiary,2018-02-12T11:55:32Z,Seandebasti,2,391862875
R443,新华街,tertiary,2017-09-16T05:45:12Z,Virgil Guo,6,298606201
R444,新大街,secondary,2016-07-11T09:58:56Z,Virgil Guo,4,357534501
R445,新安江路,primary,2017-10-28T23:51:56Z,Virgil Guo,2,512416036
R446,新安江路桥,primary,2016-06-04T04:22:55Z,汤鹏程,4,373206067
R447,新民路,tertiary,2018-04-09T22:46:16Z,Virgil Guo,2,336951582
R448,新汴河路,tertiary,2017-11-08T03:10:33Z,Virgil Guo,3,412970741
R449,新海大道,primary,2018-03-14T19:49:12Z,Virgil Guo,2,511261607
R450,新蚌埠路,primary,2017-11-08T02:20:54Z,Virgil Guo,12,305862748
R451,新蚌埠路,primary,2017-09-26T12:45:06Z,Austin Zhu,11,305866468
R452,新蚌埠路,primary,2016-05-12T22:50:36Z,RoadMapsYou,3,305864354
R453,新街,tertiary,2015-09-04T04:01:05Z,Virgil Guo,1,369027466
R454,方兴大道,primary,2018-02-12T20:19:12Z,Seandebasti,27,298470359
R455,方兴大道,primary,2017-09-26T10:34:35Z,Austin Zhu,2,526613140
R456,方兴大道,secondary,2017-12-31T19:51:54Z,Virgil Guo,8,302276860
R457,方兴大道,tertiary,2017-09-26T10:33:50Z,Austin Zhu,1,527798771
R458,方兴大道,trunk,2018-02-12T11:55:26Z,Seandebasti,12,298468624
R459,方兴大道,trunk,2017-12-31T19:52:02Z,Virgil Guo,3,527798773
R460,方兴大道,trunk,2017-11-13T23:24:05Z,SuperUser1,4,302276856
R461,方兴湖隧道,trunk,2015-11-28T10:26:12Z,Virgil Guo,5,298629610
R462,无为路,tertiary,2018-01-26T01:36:50Z,Virgil Guo,8,90953196
R463,旺兴街,secondary,2018-04-09T22:46:18Z,Virgil Guo,2,380062603
R464,昌盛路,tertiary,2017-06-17T13:47:56Z,Virgil Guo,6,196815824
R465,昌都路,tertiary,2016-02-14T10:37:17Z,Virgil Guo,2,367833673
R466,明光路,primary,2017-10-12T02:27:25Z,Virgil Guo,3,513484681
R467,明光路,trunk,2017-10-12T02:27:24Z,Virgil Guo,4,512320905
R468,明光路桥,trunk,2017-09-26T10:34:09Z,Austin Zhu,6,304255916
R469,明珠大道,secondary,2018-02-12T14:21:30Z,Seandebasti,13,305875504
R470,明皇路,tertiary,2018-01-18T00:52:46Z,王小琪,4,378660793
R471,明皇路桥,tertiary,2016-06-04T06:52:28Z,汤鹏程,3,378660795
R472,星光大道,tertiary,2015-09-03T08:39:32Z,Virgil Guo,2,306263632
R473,星光西路,primary,2018-02-25T04:54:15Z,Virgil Guo,6,290517300
R474,星光西路,tertiary,2015-11-01T03:05:57Z,Virgil Guo,1,377811649
R475,曙光桥,trunk,2017-09-26T10:34:14Z,Austin Zhu,6,325354960
R476,曹冲路,tertiary,2017-08-02T07:58:02Z,Virgil Guo,1,512242093
R477,曹营街,secondary,2015-09-03T08:39:31Z,Virgil Guo,4,306262645
R478,月亮湾路,tertiary,2017-08-02T07:58:09Z,Virgil Guo,5,316733196
R479,望江东路,primary,2018-03-26T23:19:25Z,Virgil Guo,4,526571555
R480,望江东路,primary,2017-09-26T11:58:49Z,Austin Zhu,2,526571557
R481,望江东路辅路,primary,2018-03-14T06:26:46Z,LJpnice,1,569532448
R482,望江西路,primary,2018-02-12T14:21:30Z,Seandebasti,34,303053152
R483,望江西路,primary,2018-01-02T22:55:20Z,Virgil Guo,6,512320975
R484,望江西路,primary,2017-09-26T11:08:58Z,Austin Zhu,2,524786973
R485,望江西路,primary_link,2017-09-26T11:08:44Z,Austin Zhu,5,370374707
R486,望湖西路,tertiary,2017-08-07T05:37:14Z,Virgil Guo,7,112860997
R487,朝阳路,secondary,2016-03-31T14:48:34Z,Virgil Guo,3,320459772
R488,机场便道,secondary,2017-09-10T17:02:39Z,Virgil Guo,5,361038585
R489,机场高速,trunk,2017-09-26T10:34:19Z,Austin Zhu,2,478185360
R490,机场高速,trunk,2017-03-03T02:11:33Z,Eva Blue,4,333096681
R491,机场高速,trunk,2016-02-10T13:36:59Z,Virgil Guo,2,333096676
R492,李六路,secondary,2015-11-01T04:00:14Z,Virgil Guo,1,377813903
R493,来安路,tertiary,2017-07-01T08:59:16Z,Virgil Guo,3,422589228
R494,杨井路,secondary,2018-02-12T02:24:14Z,Seandebasti,3,195681745
R495,杨林路,tertiary,2018-02-12T03:27:48Z,Seandebasti,17,197114118
R496,杭埠河大道,primary,2018-02-12T15:30:07Z,Seandebasti,6,493388217
R497,杭埠河大道,primary,2017-09-26T12:45:36Z,Austin Zhu,2,517875620
R498,杭埠路,secondary,2018-02-12T02:24:05Z,Seandebasti,8,89405835
R499,杭州路,secondary,2018-03-21T23:56:22Z,Virgil Guo,9,367458750
R500,松林路,tertiary,2018-03-22T02:05:09Z,Virgil Guo,3,512460896
R501,松荫桥,primary,2017-08-02T16:27:45Z,Virgil Guo,5,290342571
R502,板桥河沿河路,tertiary,2017-07-29T11:29:28Z,Virgil Guo,3,378675077
R503,林湖路,tertiary,2017-07-29T09:40:57Z,Virgil Guo,2,346124353
R504,林芝路,tertiary,2017-03-03T07:55:42Z,Shaun Austin,9,89905618
R505,枞阳路,tertiary,2017-08-05T04:23:20Z,Virgil Guo,3,376794471
R506,枫林路,secondary,2017-11-22T20:57:38Z,Virgil Guo,4,356901735
R507,枫林路,secondary,2015-06-28T08:38:58Z,AUV,3,305872549
R508,柳孜路,tertiary,2017-07-11T15:32:20Z,Virgil Guo,1,506741013
R509,柳荫塘路,tertiary,2015-10-25T08:39:51Z,Virgil Guo,1,376794472
R510,栏滨路,primary,2017-08-11T12:57:01Z,Virgil Guo,1,514793723
R511,栏滨路上跨合芜高速大桥,primary,2017-08-11T12:57:01Z,Virgil Guo,1,514793724
R512,桂王路,tertiary,2016-05-12T22:40:23Z,RoadMapsYou,2,369027482
R513,桃园路,secondary,2017-07-30T12:58:36Z,Virgil Guo,6,196817525
R514,桃园路,tertiary,2017-06-05T09:35:01Z,Virgil Guo,1,498240509
R515,桃枝路,tertiary,2017-09-08T13:16:52Z,Virgil Guo,4,302364022
R516,桐城南路,secondary,2018-01-20T23:26:29Z,Virgil Guo,13,260898841
R517,桐城南路,tertiary,2018-01-20T23:26:33Z,Virgil Guo,2,367847867
R518,桐城路,tertiary,2018-04-10T22:19:21Z,Virgil Guo,2,513226014
R519,桐城路,tertiary,2018-03-21T08:14:27Z,Newsta,14,267932976
R520,桐城路桥,tertiary,2017-08-06T06:21:49Z,Virgil Guo,4,378664328
R521,桥头集路,primary,2017-02-10T00:18:17Z,jamesks,3,369104047
R522,桥湾路,tertiary,2018-02-12T11:55:22Z,Seandebasti,2,519659435
R523,桥湾路,tertiary,2017-08-29T14:10:02Z,Virgil Guo,1,519659416
R524,梁古大街,secondary,2017-07-10T08:20:04Z,Virgil Guo,2,373438718
R525,梁园路,secondary,2016-08-13T16:53:23Z,Virgil Guo,10,261697869
R526,梅冲湖路,secondary,2018-01-28T03:11:57Z,hanchao,7,305851934
R527,梅冲湖路,secondary,2017-08-05T13:58:27Z,Virgil Guo,2,502727024
R528,梅冲湖路,tertiary,2017-11-08T02:20:56Z,Virgil Guo,3,305851937
R529,梅冲湖路,tertiary,2016-05-12T22:20:48Z,RoadMapsYou,1,417726840
R530,梅山桥,trunk,2017-09-26T10:33:52Z,Austin Zhu,6,107265390
R531,梅山路,tertiary,2017-09-07T15:25:33Z,Virgil Guo,1,522163108
R532,梦溪路,tertiary,2017-08-05T13:58:29Z,Virgil Guo,7,358582604
R533,梳背桥,primary,2017-08-03T05:56:32Z,Virgil Guo,3,292292727
R534,棋石路,tertiary,2018-03-22T02:05:09Z,Virgil Guo,2,491633152
R535,森林大道,primary,2018-02-12T02:24:09Z,Seandebasti,9,298591413
R536,森林大道,primary,2017-09-26T12:45:37Z,Austin Zhu,3,519659428
R537,樊洼路,secondary,2017-09-22T00:30:03Z,Virgil Guo,7,305872546
R538,樊洼路,tertiary,2017-02-10T00:18:07Z,jamesks,6,292511046
R539,横大路,primary,2017-02-10T00:18:17Z,jamesks,5,369027475
R540,横大路,primary,2016-08-13T16:56:50Z,Virgil Guo,3,369027476
R541,樱花路,tertiary,2018-02-12T02:24:14Z,Seandebasti,6,89405833
R542,檀香路,secondary,2017-06-23T14:38:02Z,Virgil Guo,2,474873032
R543,歙县路,tertiary,2016-02-14T06:10:40Z,Virgil Guo,2,367847872
R544,正阳路,tertiary,2017-10-27T23:06:07Z,Virgil Guo,1,536212419
R545,武汉路,tertiary,2017-12-27T22:21:58Z,Virgil Guo,10,303075214
R546,武汉路,tertiary,2016-03-11T16:46:40Z,karitotp,1,403116718
R547,武里山路,tertiary,2017-08-08T13:24:59Z,Virgil Guo,8,195741299
R548,毕昇路,tertiary,2017-11-08T02:22:51Z,Virgil Guo,4,412970756
R549,民族团结路,tertiary,2017-07-11T13:07:54Z,Virgil Guo,1,506710525
R550,水东路,tertiary,2017-08-03T01:46:39Z,Virgil Guo,2,512242123
R551,水西门桥,tertiary,2018-03-21T06:11:53Z,Newsta,8,90955206
R552,水阳江路,tertiary,2018-03-26T22:41:01Z,Virgil Guo,3,554572832
R553,永和路,tertiary,2018-02-12T11:55:30Z,Seandebasti,15,320332635
R554,永红路,tertiary,2017-08-07T06:12:00Z,Virgil Guo,6,444034429
R555,永青大桥,primary,2017-08-01T13:58:55Z,Virgil Guo,2,305824521
R556,汕头路,tertiary,2017-11-13T23:24:05Z,SuperUser1,3,430159163
R557,江淮路,tertiary,2017-07-30T14:05:09Z,Virgil Guo,3,332473047
R558,江苏路,secondary,2017-09-07T15:01:08Z,Virgil Guo,1,522155506
R559,汤口路,primary,2018-02-12T20:19:12Z,Seandebasti,5,493388209
R560,汤口路,secondary,2018-02-12T20:19:11Z,Seandebasti,5,493388211
R561,汤口路,secondary,2017-05-14T06:58:40Z,Virgil Guo,7,306252137
R562,汤口路,tertiary,2015-09-13T02:46:04Z,Virgil Guo,7,195844741
R563,汲桥路,tertiary,2017-08-02T15:05:06Z,Virgil Guo,9,196817726
R564,汶水路,tertiary,2015-10-24T13:42:12Z,Virgil Guo,4,192027395
R565,沁源路,tertiary,2017-08-02T13:38:21Z,Virgil Guo,6,305870541
R566,沈东路,tertiary,2017-06-04T06:42:23Z,Virgil Guo,1,497980639
R567,沈阳路,tertiary,2017-12-31T19:52:05Z,Virgil Guo,5,333938536
R568,沈阳路,tertiary,2017-07-23T09:29:09Z,Kostik,3,494689792
R569,河东路,tertiary,2017-06-07T11:08:51Z,Virgil Guo,3,417723182
R570,河东路,tertiary,2016-05-12T21:55:26Z,RoadMapsYou,2,414800338
R571,河北路,secondary,2017-08-04T12:55:17Z,Virgil Guo,6,93291677
R572,河南路,tertiary,2017-08-04T12:55:06Z,Virgil Guo,1,512860120
R573,沿河东路,tertiary,2016-06-04T07:21:48Z,汤鹏程,2,369027464
R574,沿河西路,primary,2017-07-29T09:40:49Z,Virgil Guo,1,511231804
R575,沿河西路,tertiary,2017-07-29T07:15:36Z,Virgil Guo,3,345949813
R576,沿河西路,tertiary,2017-02-11T10:08:43Z,w568w,4,369027465
R577,沿河西路桥,tertiary,2017-07-29T07:15:37Z,Virgil Guo,4,345949814
R578,沿河路,secondary,2017-07-29T15:09:32Z,Virgil Guo,7,266509294
R579,沿河路,tertiary,2018-03-21T05:45:17Z,Newsta,15,266508166
R580,泉阳路,primary,2015-09-03T15:20:18Z,Virgil Guo,3,305823896
R581,泗州路,tertiary,2017-06-05T09:35:04Z,Virgil Guo,2,361113802
R582,泗水路,secondary,2017-11-08T02:20:54Z,Virgil Guo,9,412970769
R583,泗水路,tertiary,2017-08-03T04:42:37Z,Virgil Guo,2,417720116
R584,泗水路,tertiary,2016-05-12T21:52:01Z,RoadMapsYou,1,417722483
R585,洞庭湖桥,tertiary,2017-06-04T14:44:04Z,Virgil Guo,5,319978532
R586,洞庭湖桥,tertiary,2016-02-20T15:54:10Z,自由分享,4,319978530
R587,洞庭湖路,tertiary,2018-03-21T23:56:25Z,Virgil Guo,3,521996755
R588,洞庭湖路,tertiary,2015-01-02T08:12:09Z,peisen_wang,6,89905615
R589,洪河路,tertiary,2017-07-30T12:36:28Z,Virgil Guo,7,196817732
R590,派河大桥,primary,2018-01-25T19:48:54Z,Virgil Guo,4,513967786
R591,派河大道,primary,2018-02-12T20:19:12Z,Seandebasti,2,560753002
R592,派河大道,primary,2017-09-26T12:45:36Z,Austin Zhu,2,519659355
R593,浍水路,primary,2016-05-12T22:40:19Z,RoadMapsYou,3,417720107
R594,浍水路,tertiary,2017-11-08T02:20:53Z,Virgil Guo,7,369027483
R595,浍水路,tertiary,2016-05-12T21:40:17Z,RoadMapsYou,2,412970768
R596,济河路,secondary,2015-03-12T22:25:33Z,jamesks,3,305848102
R597,浙江路,secondary,2017-09-07T15:01:08Z,Virgil Guo,1,522155503
R598,浮山路,tertiary,2017-06-12T06:28:59Z,Virgil Guo,7,321575067
R599,浮槎山路,tertiary,2016-08-13T16:53:24Z,Virgil Guo,4,236107645
R600,浮莲路,tertiary,2017-06-23T14:38:02Z,Virgil Guo,2,474873033
R601,海关路,secondary,2017-08-05T16:01:59Z,Virgil Guo,1,513123433
R602,海南路,tertiary,2017-12-31T19:51:55Z,Virgil Guo,4,367458689
R603,海棠路,tertiary,2017-08-05T16:02:05Z,Virgil Guo,15,89405691
R604,涂山路,secondary,2017-06-07T11:08:52Z,Virgil Guo,3,412970744
R605,涡阳路,secondary,2017-07-30T10:01:11Z,Virgil Guo,5,304261083
R606,润河路,tertiary,2017-09-28T01:01:29Z,Virgil Guo,2,498832924
R607,淝河路,secondary,2017-08-24T04:54:28Z,Virgil Guo,13,195681496
R608,淝河路,tertiary,2017-06-23T14:37:57Z,Virgil Guo,9,195681475
R609,淠河路,tertiary,2017-02-10T00:18:14Z,jamesks,5,329404869
R610,淠河路,tertiary,2016-06-23T14:03:39Z,Virgil Guo,2,333018636
R611,淠河路,tertiary,2015-03-16T07:02:04Z,AUV,5,197107466
R612,淮北路,secondary,2017-07-30T10:34:45Z,Virgil Guo,3,417720120
R613,淮南路,primary,2018-01-28T04:04:52Z,hanchao,18,195741294
R614,淮南路,primary,2017-06-07T11:08:45Z,Virgil Guo,6,305855005
R615,淮南路,primary,2014-10-01T13:23:11Z,汤鹏程,1,305855008
R616,淮南路,tertiary,2016-05-12T22:31:46Z,RoadMapsYou,1,417728013
R617,淮河西路,tertiary,2017-07-31T03:29:03Z,Virgil Guo,7,194237885
R618,淮河路,secondary,2017-09-21T22:13:20Z,Virgil Guo,2,512326880
R619,淮河路,tertiary,2018-02-25T05:00:09Z,Virgil Guo,8,305821892
R620,淮河路桥,tertiary,2016-02-10T10:34:02Z,Virgil Guo,5,273399752
R621,淮海大道,primary,2017-08-05T13:58:28Z,Virgil Guo,14,358582599
R622,深圳路,primary,2017-09-26T12:45:36Z,Austin Zhu,2,517875590
R623,清泉路,tertiary,2017-07-11T15:32:24Z,Virgil Guo,4,306266022
R624,清源路,secondary,2017-07-30T14:05:06Z,Virgil Guo,3,346124408
R625,清源路,tertiary,2018-03-26T23:30:44Z,Virgil Guo,5,196817521
R626,清源路桥,secondary,2017-07-30T12:58:36Z,Virgil Guo,3,378675090
R627,清源路桥,secondary,2016-01-30T06:06:24Z,自由分享,2,378675085
R628,清溪路,primary,2017-09-22T00:30:03Z,Virgil Guo,10,304252697
R629,清溪路,primary,2016-02-18T14:18:45Z,自由分享,2,304252736
R630,清溪路,primary,2015-05-18T07:11:57Z,peisen_wang,4,304252733
R631,清潭路,tertiary,2016-09-03T14:38:33Z,Virgil Guo,7,195695461
R632,温合线,trunk,2018-01-24T22:39:03Z,Virgil Guo,3,416151900
R633,湖东路,tertiary,2018-02-25T05:18:22Z,Virgil Guo,8,89764817
R634,湖东路,tertiary,2018-02-12T15:30:08Z,Seandebasti,2,519659369
R635,湖光路,tertiary,2018-02-12T15:30:06Z,Seandebasti,12,192027394
R636,湖光路,tertiary,2016-03-11T15:15:34Z,dannykath,3,391772843
R637,湖光路,tertiary,2016-02-10T13:36:55Z,Virgil Guo,2,391772841
R638,湖北路,tertiary,2018-03-21T23:56:24Z,Virgil Guo,7,352057870
R639,湖南路,tertiary,2017-12-31T19:51:59Z,Virgil Guo,13,367379108
R640,滁州路,tertiary,2017-08-02T13:38:18Z,Virgil Guo,8,196814559
R641,滨河路,tertiary,2017-08-03T01:46:40Z,Virgil Guo,14,196814560
R642,滨河路,tertiary,2016-04-26T10:30:14Z,peisen_wang,2,361113798
R643,滨河路,tertiary,2016-02-01T04:40:15Z,自由分享,2,334028794
R644,潜口路,tertiary,2017-02-18T16:12:40Z,jamesks,4,319975595
R645,潜山路,trunk,2018-02-25T05:18:24Z,Virgil Guo,12,290517740
R646,潜山路,trunk,2017-10-30T03:24:54Z,Austin Zhu,3,526613149
R647,潜山路立交,trunk,2017-10-30T02:43:59Z,Austin Zhu,9,290340237
R648,潜水西路,secondary,2017-06-13T04:43:42Z,Virgil Guo,3,391858708
R649,潜水西路,secondary,2017-02-15T18:18:40Z,ff5722,2,391858709
R650,潭冲路,secondary,2017-09-16T05:45:16Z,Virgil Guo,6,298602580
R651,潭冲路,secondary,2015-07-17T14:45:07Z,dannykath,1,361039357
R652,潭冲路,secondary,2014-08-18T16:20:08Z,汤鹏程,1,298602013
R653,澳门路,tertiary_link,2017-12-31T19:51:57Z,Virgil Guo,5,367458749
R654,濛河路,primary,2016-05-12T22:15:54Z,RoadMapsYou,2,417725023
R655,濛河路,secondary,2016-05-12T22:31:46Z,RoadMapsYou,3,412973890
R656,濛河路,tertiary,2017-06-07T11:08:49Z,Virgil Guo,3,412973891
R657,濛河路,tertiary,2016-05-12T22:15:56Z,RoadMapsYou,3,412973893
R658,火龙地路,secondary,2018-02-12T14:21:30Z,Seandebasti,4,391858712
R659,火龙地路,secondary,2016-01-17T07:02:33Z,Virgil Guo,6,197115109
R660,灵壁路,tertiary,2017-07-30T10:01:10Z,Virgil Guo,4,346126326
R661,灵石路,tertiary,2017-11-08T03:10:32Z,Virgil Guo,4,195741314
R662,炯炀河桥,primary,2018-01-25T19:48:39Z,Virgil Guo,4,357534481
R663,烈山路,secondary,2017-08-05T13:58:29Z,Virgil Guo,6,358591736
R664,烈山路,tertiary,2016-08-13T16:09:19Z,Virgil Guo,2,417728638
R665,烔中路,primary,2017-11-05T21:57:48Z,Virgil Guo,4,513967819
R666,烔栏路,secondary,2017-08-11T12:57:07Z,Virgil Guo,4,105695994
R667,烔炀路,tertiary,2016-03-31T14:48:34Z,Virgil Guo,3,367993012
R668,烔黄路,secondary,2017-08-10T06:35:38Z,Virgil Guo,5,320459775
R669,烟墩路,secondary,2018-03-21T23:56:21Z,Virgil Guo,8,93584079
R670,烟汕线,trunk,2018-02-12T20:41:02Z,Seandebasti,4,517684512
R671,烟汕线,trunk,2017-10-30T03:22:43Z,Austin Zhu,2,511498241
R672,烟汕线,trunk,2017-09-21T18:44:03Z,Virgil Guo,4,480022313
R673,煤场路,tertiary,2016-01-01T12:47:39Z,peisen_wang,1,389023712
R674,燎原路,primary,2016-05-12T22:40:20Z,RoadMapsYou,3,417725020
R675,燎原路,secondary,2017-08-03T04:42:34Z,Virgil Guo,3,417725893
R676,燎原路,tertiary,2017-08-03T04:42:34Z,Virgil Guo,6,369027480
R677,燎原路,tertiary,2017-02-10T00:17:42Z,jamesks,1,473675446
R678,燕子河路,tertiary,2018-02-12T11:55:28Z,Seandebasti,14,321575069
R679,燕子河路,tertiary,2016-03-15T15:14:28Z,Luis36995,2,391859707
R680,燕子河路,tertiary,2016-01-17T07:23:15Z,Virgil Guo,1,391859708
R681,玉兰大道,primary,2018-02-12T15:30:07Z,Seandebasti,8,302366144
R682,玉兰大道,primary,2018-02-06T00:17:11Z,Virgil Guo,2,512320893
R683,玉兰大道,primary,2016-03-11T16:22:07Z,Luis36995,2,302366154
R684,玉屏路,tertiary,2017-05-14T06:58:37Z,Virgil Guo,5,197111908
R685,玉带桥,secondary,2017-07-13T11:03:57Z,Virgil Guo,1,507288755
R686,玉皇山路,tertiary,2017-06-22T15:47:23Z,Virgil Guo,2,478662152
R687,玉石山路,tertiary,2017-11-08T03:10:32Z,Virgil Guo,4,195741310
R688,玉龙路,primary,2018-02-12T03:27:50Z,Seandebasti,8,367379136
R689,玉龙路,primary,2017-09-07T15:01:15Z,Virgil Guo,9,319977786
R690,玉龙路,primary,2016-02-18T18:38:37Z,Hector Vector,1,398572293
R691,玉龙路桥,primary,2016-02-20T15:54:11Z,自由分享,3,319977784
R692,王步文路,tertiary,2017-08-29T14:10:10Z,Virgil Guo,6,217646564
R693,环圩东路,tertiary,2017-06-04T06:42:22Z,Virgil Guo,1,497980634
R694,环圩西路,tertiary,2018-01-17T05:41:08Z,Virgil Guo,2,497980633
R695,环城东路,tertiary,2018-04-10T22:19:25Z,Virgil Guo,23,123094835
R696,环城东路,tertiary,2018-03-21T05:45:44Z,Newsta,3,526571542
R697,环城南路,tertiary,2017-08-06T06:21:45Z,Virgil Guo,6,378664329
R698,环城西路,tertiary,2018-04-10T22:19:20Z,Virgil Guo,18,117087949
R699,环城西路,tertiary,2018-03-21T06:11:53Z,Newsta,6,131879721
R700,环城西路,tertiary,2015-10-28T21:18:05Z,ChrissW-R1,5,131879718
R701,环巢湖大道,primary,2018-01-25T19:48:54Z,Virgil Guo,3,514194560
R702,环湖北路,primary,2018-02-27T04:14:26Z,Virgil Guo,5,504399566
R703,环湖北路观光车道,tertiary,2017-09-26T13:13:02Z,Austin Zhu,3,504399569
R704,环翠路,tertiary,2017-11-19T10:58:47Z,AUV,11,89416277
R705,环翠路,tertiary,2017-04-14T05:48:38Z,雨过昔年,11,87487194
R706,珍珠路,secondary,2017-11-08T03:10:32Z,Virgil Guo,7,195741304
R707,珍珠路,tertiary,2017-09-16T05:45:09Z,Virgil Guo,1,525086050
R708,珠江路,primary,2018-03-24T02:36:30Z,Virgil Guo,10,367416572
R709,珠江路,primary,2017-02-18T16:12:39Z,jamesks,4,367829392
R710,珠江路,primary,2016-03-11T17:21:08Z,calfarome,3,367829391
R711,琥珀桥,primary,2015-11-06T14:06:34Z,Virgil Guo,4,266508162
R712,瑞丰路,tertiary,2017-07-30T14:05:09Z,Virgil Guo,3,196818305
R713,瑯玡山路,tertiary,2017-07-01T08:59:18Z,Virgil Guo,6,93545276
R714,甘泉路,tertiary,2015-10-24T13:42:12Z,Virgil Guo,6,192027385
R715,田埠西路,tertiary,2015-10-24T13:42:12Z,Virgil Guo,4,192027382
R716,界首路,tertiary,2017-07-29T10:11:04Z,Virgil Guo,2,334113610
R717,疏影路,tertiary,2017-08-10T06:35:35Z,Virgil Guo,1,514395896
R718,白鸟路,tertiary,2017-08-03T05:56:36Z,Virgil Guo,10,87494435
R719,百草街,tertiary,2018-01-02T22:55:18Z,Virgil Guo,1,550515174
R720,皇嘉路,tertiary,2018-04-09T22:46:17Z,Virgil Guo,3,291443869
R721,皇藏峪路,tertiary,2017-08-08T13:24:51Z,Virgil Guo,1,513948089
R722,皖水路,tertiary,2018-02-12T14:21:30Z,Seandebasti,2,391858705
R723,皖水路,tertiary,2018-01-02T22:55:23Z,Virgil Guo,12,197114120
R724,皖水路,tertiary,2016-03-10T15:33:11Z,RichRico,2,391858704
R725,皖河路,tertiary,2017-08-03T06:40:08Z,Virgil Guo,5,305873453
R726,相城路,tertiary,2017-06-07T11:08:50Z,Virgil Guo,3,412973901
R727,相山路,secondary,2016-05-12T21:40:11Z,RoadMapsYou,1,417720125
R728,相山路,tertiary,2017-11-08T02:20:52Z,Virgil Guo,8,358582603
R729,省人大 芜湖路出口,trunk_link,2018-03-12T08:05:48Z,Newsta,9,115388487
R730,省道105,secondary,2016-02-18T16:09:12Z,自由分享,4,306262867
R731,省道105,secondary,2015-09-03T08:39:30Z,Virgil Guo,6,306262525
R732,石台路,tertiary,2018-02-25T05:18:22Z,Virgil Guo,9,89635748
R733,石台路,tertiary,2018-02-12T02:24:04Z,Seandebasti,2,473675455
R734,石台路,tertiary,2017-02-10T00:17:55Z,jamesks,12,24568429
R735,石台路,tertiary_link,2018-02-25T05:18:22Z,Virgil Guo,3,290354670
R736,石塘路,tertiary,2016-01-30T06:17:21Z,自由分享,4,184624415
R737,石柱路,tertiary,2016-04-05T16:52:51Z,samely,3,333024152
R738,石楠路,tertiary,2018-02-12T03:27:46Z,Seandebasti,4,89405931
R739,石笋路,tertiary,2018-03-22T02:05:10Z,Virgil Guo,6,88779413
R740,石莲北路,secondary,2016-02-10T10:34:35Z,Virgil Guo,8,197114121
R741,石莲南路,tertiary,2018-02-12T14:21:27Z,Seandebasti,8,358591747
R742,石莲南路,tertiary,2018-01-02T23:00:44Z,Virgil Guo,3,475500736
R743,石莲南路,tertiary,2017-08-04T02:38:10Z,高景银,1,512709484
R744,石长路,secondary,2017-07-11T12:27:23Z,Virgil Guo,7,357534491
R745,石门路,tertiary,2017-08-03T05:56:35Z,Virgil Guo,15,87475934
R746,石鼓路,tertiary,2016-07-12T16:10:28Z,AUV,6,87475930
R747,磨余路,tertiary,2017-06-04T06:42:24Z,Virgil Guo,1,497980670
R748,磨子潭路,tertiary,2018-02-12T14:21:32Z,Seandebasti,2,536212398
R749,磨子潭路,tertiary,2017-10-27T23:06:15Z,Virgil Guo,2,512320933
R750,磨店街,tertiary,2016-05-12T22:38:54Z,RoadMapsYou,5,358582602
R751,磨黄路,tertiary,2017-06-04T06:42:23Z,Virgil Guo,1,497980641
R752,社岗路,tertiary,2016-02-10T10:34:25Z,Virgil Guo,6,91996614
R753,祁门路,primary,2018-02-25T05:18:23Z,Virgil Guo,3,513484706
R754,神龙路,tertiary,2017-07-30T14:05:09Z,Virgil Guo,3,196818306
R755,祥和路,secondary,2017-10-12T02:34:21Z,Virgil Guo,6,417725024
R756,祥和路,secondary,2017-02-10T00:17:42Z,jamesks,1,473675448
R757,祥和路,tertiary,2017-06-07T11:08:49Z,Virgil Guo,7,369027474
R758,祥和路,tertiary,2016-05-12T22:40:18Z,RoadMapsYou,1,417729107
R759,福山路,tertiary,2015-11-07T04:00:19Z,Virgil Guo,1,378848969
R760,福州路,tertiary,2017-12-27T22:21:55Z,Virgil Guo,15,319977336
R761,福州路,tertiary,2015-01-02T10:27:48Z,peisen_wang,1,319991248
R762,秋菊路,tertiary,2016-09-03T14:38:21Z,Virgil Guo,4,89405932
R763,科学大道,primary,2017-08-06T06:21:51Z,Virgil Guo,3,512320963
R764,科学岛路,primary,2017-09-22T00:30:01Z,Virgil Guo,5,333015828
R765,科技园路,tertiary,2017-06-04T06:42:24Z,Virgil Guo,1,497980666
R766,程长庚路,tertiary,2018-02-12T15:30:14Z,Seandebasti,2,375666993
R767,稻香路,tertiary,2017-06-07T08:46:04Z,Virgil Guo,5,192027383
R768,空港南路,primary,2018-01-25T04:33:14Z,Virgil Guo,4,417808848
R769,站东路,secondary,2017-08-11T12:57:01Z,Virgil Guo,1,514793728
R770,站前东路,tertiary,2017-08-05T04:23:23Z,Virgil Guo,2,422779366
R771,站前东路,tertiary,2016-10-17T18:18:49Z,Kostik,3,422767835
R772,站前东路,tertiary,2016-06-04T06:52:27Z,汤鹏程,1,422779364
R773,站前支路,tertiary,2017-07-11T12:27:21Z,Virgil Guo,1,506698827
R774,站前路,secondary,2018-02-28T20:39:54Z,greecemapper,2,519659343
R775,站前路,secondary,2017-09-22T00:29:56Z,Virgil Guo,5,333572907
R776,站塘路,tertiary,2017-06-05T09:35:04Z,Virgil Guo,3,332475531
R777,站西路,tertiary,2017-09-22T00:29:56Z,Virgil Guo,5,333572910
R778,章华台路,secondary,2017-07-02T08:22:53Z,Virgil Guo,4,305848730
R779,粮站路,tertiary,2015-09-03T08:39:30Z,Virgil Guo,2,306262533
R780,紫云路,primary,2018-03-21T23:56:25Z,Virgil Guo,2,549421606
R781,紫云路桥,primary,2016-02-20T15:54:11Z,自由分享,4,319977098
R782,紫石路,tertiary,2017-02-15T18:18:20Z,ff5722,6,197111653
R783,紫蓬路,primary,2017-09-26T12:45:03Z,Austin Zhu,3,298605626
R784,紫蓬路,secondary,2015-09-03T15:54:42Z,Virgil Guo,1,368957386
R785,紫蓬路,tertiary,2015-08-27T16:03:30Z,Virgil Guo,18,25635945
R786,繁华大道,primary,2018-02-12T15:30:14Z,Seandebasti,9,321722787
R787,繁华大道,primary,2018-01-17T05:41:08Z,Virgil Guo,4,512860128
R788,繁华大道,primary,2017-09-26T13:13:04Z,Austin Zhu,2,526617726
R789,繁华大道,trunk,2017-09-21T22:13:22Z,Virgil Guo,18,298586796
R790,繁华大道大桥,primary,2017-09-26T12:45:17Z,Austin Zhu,3,373206621
R791,红星路,tertiary,2018-01-26T01:36:50Z,Virgil Guo,11,194237887
R792,红枫路,tertiary,2017-08-05T16:02:05Z,Virgil Guo,11,89388217
R793,纪念广场下穿,primary,2018-01-25T19:48:33Z,Virgil Guo,10,328743223
R794,绩溪路,tertiary,2017-07-31T04:10:25Z,Virgil Guo,6,262534711
R795,翠竹路,tertiary,2018-02-12T02:24:14Z,Seandebasti,4,89405832
R796,翡翠桥,primary,2017-08-23T07:57:14Z,Virgil Guo,6,243273756
R797,翡翠路,primary,2018-03-22T02:05:09Z,Virgil Guo,9,303060222
R798,翡翠路,primary,2018-02-12T15:30:09Z,Seandebasti,17,243273757
R799,翡翠路,primary,2016-05-31T15:11:03Z,Boyuan Yang,3,115331108
R800,耀远路,secondary,2017-08-02T14:17:36Z,Virgil Guo,11,196817524
R801,老淮南线桥,trunk,2017-09-26T10:34:16Z,Austin Zhu,4,329077397
R802,老街,tertiary,2015-09-04T13:35:52Z,Virgil Guo,1,369104050
R803,耕耘路,tertiary,2016-09-03T14:38:34Z,Virgil Guo,9,88800463
R804,聚星桥,tertiary,2016-02-10T08:04:40Z,Virgil Guo,2,378675097
R805,肥东路,secondary,2017-08-03T02:31:27Z,Virgil Guo,13,93545275
R806,肥西路,secondary,2018-02-12T02:24:04Z,Seandebasti,3,513242313
R807,肥西路,secondary,2017-09-07T15:25:32Z,Virgil Guo,1,522163091
R808,肥西路,tertiary,2018-03-26T23:30:43Z,Virgil Guo,4,419813807
R809,肥西路桥,secondary,2017-07-29T07:15:37Z,Virgil Guo,4,304253396
R810,育才路,tertiary,2017-05-19T13:41:23Z,WeiChvn,1,494689785
R811,胜利路,primary,2017-09-26T12:45:35Z,Austin Zhu,2,513967774
R812,胜利路桥,primary,2017-09-26T12:45:19Z,Austin Zhu,4,422590938
R813,胜利路立交桥,trunk,2017-09-26T10:34:15Z,Austin Zhu,6,328504929
R814,舒城路,tertiary,2016-06-26T03:11:26Z,Virgil Guo,8,92000399
R815,芙蓉路,secondary,2018-03-22T02:05:09Z,Virgil Guo,18,303063642
R816,芙蓉路,secondary,2018-02-12T15:30:10Z,Seandebasti,12,353375879
R817,芜湖路,primary,2018-03-21T08:14:27Z,Newsta,4,512417228
R818,芜湖路,primary,2018-03-14T03:45:06Z,LJpnice,7,325354955
R819,芜湖路,primary,2017-08-07T05:37:07Z,Virgil Guo,24,131879722
R820,芜湖路,secondary,2018-03-14T03:45:06Z,LJpnice,4,328128650
R821,芜湖路辅路,primary,2018-03-14T06:26:47Z,LJpnice,2,569498917
R822,芦岭路,tertiary,2017-08-08T13:24:51Z,Virgil Guo,1,513948092
R823,芦花路,tertiary,2018-02-12T03:27:46Z,Seandebasti,2,560601832
R824,花园大道,primary,2017-12-31T19:52:03Z,Virgil Guo,20,88779566
R825,花园大道,primary,2017-06-30T20:40:32Z,waterfeather,2,333939314
R826,花园街,secondary,2017-09-21T22:13:21Z,Virgil Guo,8,328170804
R827,苏岗路,secondary,2017-08-29T14:10:09Z,Virgil Guo,2,475500734
R828,苏柳路,secondary,2017-08-11T12:57:00Z,Virgil Guo,1,514793722
R829,茂林路,tertiary,2017-06-07T09:33:44Z,Virgil Guo,4,217639311
R830,茨河路,tertiary,2017-07-29T11:29:24Z,Virgil Guo,7,196126328
R831,荆山路,tertiary,2017-11-08T02:20:54Z,Virgil Guo,2,502727026
R832,荷塘路,secondary,2017-07-30T12:36:28Z,Virgil Guo,9,196817730
R833,荷花塘路,tertiary,2017-06-04T06:42:22Z,Virgil Guo,1,497980628
R834,荷花路,tertiary,2015-10-24T13:42:11Z,Virgil Guo,4,192027396
R835,莲花路,primary,2017-06-23T14:37:59Z,Virgil Guo,4,303066097
R836,莲花路,primary,2016-02-20T15:54:11Z,自由分享,2,303066099
R837,莲花路,secondary,2017-02-18T16:12:41Z,jamesks,2,303066096
R838,菩提大道,tertiary,2015-09-04T14:22:20Z,Virgil Guo,1,369118722
R839,菱湖路,tertiary,2017-07-30T10:34:44Z,Virgil Guo,5,334114406
R840,落客平台,trunk_link,2017-09-28T04:49:01Z,Austin Zhu,8,329245279
R841,葡萄园路,tertiary,2017-06-04T06:42:23Z,Virgil Guo,1,497980655
R842,董铺路,trunk,2018-04-04T01:47:33Z,Virgil Guo,4,511498242
R843,董铺路,trunk,2017-10-30T03:22:44Z,Austin Zhu,2,511498243
R844,蒙城北路,primary,2017-08-02T15:05:06Z,Virgil Guo,15,305824522
R845,蒙城北路,primary,2016-05-13T15:53:21Z,RoadMapsYou,5,305823897
R846,蒙城北路,primary,2016-04-28T21:54:44Z,Hobgoblin,5,305831126
R847,蒙城路,primary,2017-10-28T23:51:57Z,Virgil Guo,2,526597739
R848,蒙城路,secondary,2018-04-10T22:19:18Z,Virgil Guo,2,536514414
R849,蒙城路,secondary,2017-03-12T13:28:42Z,jamesks,4,266509289
R850,蒙河路,secondary,2017-09-28T01:01:29Z,Virgil Guo,3,417909998
R851,蒙河路,secondary,2016-05-13T15:44:03Z,RoadMapsYou,1,417910000
R852,蒙河路,tertiary,2017-09-28T01:01:30Z,Virgil Guo,2,512326894
R853,蓬莱路,secondary,2017-09-08T13:16:52Z,Virgil Guo,6,302365465
R854,蓬莱路,tertiary,2018-02-12T03:27:49Z,Seandebasti,6,195844742
R855,蓬莱路,tertiary,2017-06-23T14:38:02Z,Virgil Guo,2,474873034
R856,虹桥,secondary,2016-03-27T16:08:20Z,Virgil Guo,4,305821907
R857,虹桥,secondary,2016-01-30T06:06:26Z,自由分享,3,305821906
R858,蜀山东路,tertiary,2018-04-09T22:46:17Z,Virgil Guo,2,560742177
R859,蜀峰路,tertiary,2016-02-10T10:34:29Z,Virgil Guo,4,192027391
R860,衡山路,tertiary,2018-03-21T23:56:23Z,Virgil Guo,10,367396000
R861,袁大路,tertiary,2017-09-10T15:23:03Z,Virgil Guo,1,523335431
R862,裕丰路,tertiary,2015-03-21T17:44:38Z,AUV,4,306258632
R863,裕溪路,primary,2017-12-31T19:52:07Z,Virgil Guo,5,512999872
R864,裕溪路,primary,2017-09-26T12:45:32Z,Austin Zhu,2,513084856
R865,裕溪路桥,primary,2017-09-26T12:45:08Z,Austin Zhu,4,306260664
R866,裕溪路高架,trunk,2017-09-28T04:48:59Z,Austin Zhu,10,306254769
R867,襄河路,tertiary,2017-08-02T07:58:08Z,Virgil Guo,7,332475532
R868,襄河路桥,tertiary,2016-01-30T06:06:26Z,自由分享,3,373206063
R869,西一环四里河高架,trunk,2017-09-26T10:34:18Z,Austin Zhu,3,395072692
R870,西一环路,primary,2017-08-07T06:11:55Z,Virgil Guo,1,513490777
R871,西一环路,trunk,2018-03-19T08:53:57Z,Newsta,9,304254118
R872,西一环路,trunk,2017-09-26T10:34:32Z,Austin Zhu,2,513948125
R873,西二环,trunk,2017-09-26T10:33:59Z,Austin Zhu,9,291444284
R874,西二环路,primary,2017-10-27T23:06:15Z,Virgil Guo,3,512471668
R875,西二环路,primary,2017-09-26T10:34:27Z,Austin Zhu,2,512826532
R876,西二环路,trunk,2018-02-12T02:24:04Z,Seandebasti,18,115326590
R877,西二环路,trunk,2017-10-27T23:06:15Z,Virgil Guo,19,115327273
R878,西二环路,trunk,2017-09-26T10:34:27Z,Austin Zhu,2,512826537
R879,西园西路,secondary,2018-04-09T22:46:16Z,Virgil Guo,2,380062609
R880,西大路,primary,2017-10-12T02:27:14Z,Virgil Guo,1,531856984
R881,西宁路,tertiary,2017-08-04T12:55:18Z,Virgil Guo,3,370373798
R882,西安路,tertiary,2017-12-31T19:52:03Z,Virgil Guo,5,367847882
R883,西山驿路,secondary,2017-06-07T11:08:49Z,Virgil Guo,4,412973899
R884,西淝河路,tertiary,2018-01-28T04:04:53Z,hanchao,2,539135182
R885,西淝河路,tertiary,2017-11-08T02:20:54Z,Virgil Guo,2,502727018
R886,西落客平台,trunk_link,2017-09-28T04:49:05Z,Austin Zhu,9,397738674
R887,西藏路,secondary,2018-03-21T23:56:21Z,Virgil Guo,3,512283969
R888,西递路,secondary,2015-08-27T16:53:33Z,Virgil Guo,2,319975858
R889,西递路,tertiary,2016-09-03T14:38:29Z,Virgil Guo,2,367847866
R890,观海路,secondary,2015-08-27T16:03:31Z,Virgil Guo,3,320128355
R891,观海路,tertiary,2015-08-27T16:03:31Z,Virgil Guo,5,89905563
R892,谷河路,tertiary,2017-08-05T13:58:27Z,Virgil Guo,2,502727023
R893,贵州路,secondary,2017-12-31T19:52:02Z,Virgil Guo,6,367829388
R894,贵池路,tertiary,2017-09-14T23:42:46Z,Virgil Guo,3,512471690
R895,贵阳路,secondary,2017-11-21T21:36:00Z,Virgil Guo,12,343559440
R896,迎宾路,primary,2017-08-02T13:38:14Z,Virgil Guo,4,197130581
R897,迎春路,tertiary,2017-07-29T09:40:53Z,Virgil Guo,1,511231954
R898,迎松路,tertiary,2017-07-29T09:40:56Z,Virgil Guo,3,346125678
R899,迎淮路,tertiary,2018-03-21T23:56:26Z,Virgil Guo,4,474873038
R900,连水路,tertiary,2017-07-30T12:36:25Z,Virgil Guo,8,196817526
R901,通宝路,tertiary,2017-11-08T02:20:55Z,Virgil Guo,4,197128478
R902,通淮中路,tertiary,2017-11-08T02:20:54Z,Virgil Guo,2,502727019
R903,通达路,tertiary,2017-08-05T04:23:22Z,Virgil Guo,2,422780578
R904,通达路,trunk,2016-06-04T06:59:49Z,汤鹏程,3,373206058
R905,遵义路,tertiary,2018-03-21T23:56:19Z,Virgil Guo,7,367419510
R906,邓稼先路,tertiary,2017-05-14T06:58:41Z,Virgil Guo,5,217646534
R907,郎溪路,primary,2017-10-28T23:51:56Z,Virgil Guo,4,512442941
R908,郎溪路,primary,2017-09-26T11:58:46Z,Austin Zhu,2,513084854
R909,采石路,tertiary,2017-12-31T19:52:07Z,Virgil Guo,10,332475530
R910,重庆路,primary,2017-11-13T23:24:07Z,SuperUser1,2,518172612
R911,重庆路,primary,2017-09-21T22:13:24Z,Virgil Guo,12,306291890
R912,金兰路,tertiary,2017-09-28T01:01:30Z,Virgil Guo,3,427768960
R913,金宁路,tertiary,2018-01-28T03:55:16Z,hanchao,7,197128475
R914,金安路,tertiary,2018-01-28T03:11:58Z,hanchao,4,197127151
R915,金富路,tertiary,2017-07-30T14:05:09Z,Virgil Guo,2,196818311
R916,金寨南路,trunk,2017-09-16T05:45:18Z,Virgil Guo,10,123934875
R917,金寨南路,trunk,2016-02-04T22:16:39Z,ericao,4,326157012
R918,金寨南路,trunk,2015-05-19T16:30:48Z,dannykath,3,302277610
R919,金寨南路辅道,tertiary,2018-02-12T03:27:52Z,Seandebasti,6,302363892
R920,金寨南路辅道,tertiary,2017-09-26T10:34:06Z,Austin Zhu,5,302363468
R921,金寨路,primary,2018-02-12T03:27:49Z,Seandebasti,14,325126415
R922,金寨路,primary,2017-09-26T10:34:26Z,Austin Zhu,2,512460897
R923,金寨路,trunk,2018-04-10T22:19:18Z,Virgil Guo,31,107203326
R924,金寨路,trunk,2018-03-14T03:45:06Z,LJpnice,18,325354956
R925,金寨路,trunk,2018-03-13T01:49:57Z,Newsta,9,512262934
R926,金寨路,trunk_link,2017-05-06T12:23:19Z,Virgil Guo,2,325126408
R927,金寨路高架桥,trunk,2018-03-13T01:49:56Z,Newsta,10,115388476
R928,金岗大道,secondary,2017-07-30T14:05:10Z,Virgil Guo,4,196817729
R929,金峰路,secondary,2017-09-28T01:01:30Z,Virgil Guo,4,197128473
R930,金斗东路,tertiary,2017-12-31T19:51:55Z,Virgil Guo,4,328909956
R931,金斗北路,tertiary,2018-03-21T23:56:23Z,Virgil Guo,2,504399560
R932,金斗西路,tertiary,2017-12-31T19:51:59Z,Virgil Guo,7,367419513
R933,金桂路,tertiary,2017-09-28T01:01:30Z,Virgil Guo,3,427768968
R934,金桔路,tertiary,2017-09-21T18:44:01Z,Virgil Guo,5,94311317
R935,金梅路,primary,2017-09-28T01:01:28Z,Virgil Guo,3,417731356
R936,金梅路,primary,2017-03-12T13:17:47Z,jamesks,1,480022302
R937,金梅路,primary,2016-06-28T11:24:20Z,wanderlustig,1,427788713
R938,金江路,tertiary,2017-09-28T01:01:28Z,Virgil Guo,4,197128476
R939,金池路,tertiary,2017-07-30T12:36:28Z,Virgil Guo,5,196817728
R940,金海路,tertiary,2017-09-28T01:01:28Z,Virgil Guo,4,197128474
R941,金炉路,tertiary,2018-03-22T02:05:07Z,Virgil Guo,1,571848454
R942,金珠路,tertiary,2018-01-28T03:55:16Z,hanchao,4,196817725
R943,金蓉路,tertiary,2018-01-28T03:11:58Z,hanchao,4,197127153
R944,金阁路,tertiary,2017-06-04T06:42:22Z,Virgil Guo,1,497980632
R945,金阳路,secondary,2017-10-12T02:27:21Z,Virgil Guo,6,422781882
R946,金阳路,secondary,2017-02-10T00:18:20Z,jamesks,2,422781890
R947,金阳路,secondary,2016-06-04T07:21:48Z,汤鹏程,7,184626208
R948,钟油坊路,secondary,2017-08-03T01:46:39Z,Virgil Guo,2,512242118
R949,铁笛路,tertiary,2017-02-15T18:18:37Z,ff5722,2,391772834
R950,铜陵北路,primary,2017-09-26T13:22:08Z,Austin Zhu,4,417723186
R951,铜陵路,primary,2018-03-14T19:49:13Z,Virgil Guo,11,246315662
R952,铜陵路,primary,2017-09-26T12:45:35Z,Austin Zhu,2,513948100
R953,铜陵路,trunk,2017-09-26T12:45:11Z,Austin Zhu,6,306273621
R954,铜陵路桥,primary,2017-09-26T12:45:12Z,Austin Zhu,6,306273632
R955,铜陵路桥,trunk,2017-09-26T12:45:11Z,Austin Zhu,7,306273620
R956,铜陵路高架,trunk,2018-03-14T19:49:12Z,Virgil Guo,12,306268536
R957,铜陵路高架,trunk,2017-09-28T04:49:06Z,Austin Zhu,5,398543223
R958,铭传路,secondary,2018-02-12T11:55:33Z,Seandebasti,13,89405927
R959,铭传路,tertiary,2018-02-12T11:55:13Z,Seandebasti,1,560704676
R960,银杏大道,tertiary,2017-08-01T08:52:39Z,Virgil Guo,1,511953809
R961,银杏路,tertiary,2017-08-05T16:02:07Z,Virgil Guo,7,89388215
R962,锦绣大道,primary,2017-12-31T19:52:04Z,Virgil Guo,4,367833685
R963,锦绣大道,primary,2017-02-15T18:18:36Z,ff5722,4,370377410
R964,锦绣大道,secondary,2018-02-12T03:27:50Z,Seandebasti,6,87474959
R965,锦绣大道,secondary,2015-06-13T13:39:59Z,AUV,2,319981404
R966,长丰路,secondary,2018-03-21T06:29:46Z,Newsta,2,526581139
R967,长丰路,secondary,2017-09-21T20:43:08Z,Virgil Guo,3,345949811
R968,长丰路桥,secondary,2016-01-30T06:06:28Z,自由分享,5,266508165
R969,长临路,tertiary,2018-01-20T04:29:36Z,Virgil Guo,2,512242087
R970,长乐路,secondary,2015-11-18T15:14:43Z,Virgil Guo,2,377813897
R971,长宁大道,primary,2018-02-12T14:21:27Z,Seandebasti,15,305874466
R972,长宁大道,primary,2016-01-17T07:02:30Z,Virgil Guo,3,391772839
R973,长宁大道,primary,2014-10-01T15:47:40Z,汤鹏程,1,305874468
R974,长安路,secondary,2018-02-12T11:55:13Z,Seandebasti,1,560704690
R975,长安路,tertiary,2018-02-12T14:21:27Z,Seandebasti,2,560704654
R976,长岗路,tertiary,2017-08-06T08:25:21Z,Virgil Guo,1,513242288
R977,长春街,tertiary,2017-12-31T19:52:06Z,Virgil Guo,2,526597721
R978,长松路,secondary,2017-07-11T15:32:23Z,Virgil Guo,4,306266019
R979,长江东大街,primary,2017-10-28T23:51:56Z,Virgil Guo,5,402476863
R980,长江东大街,trunk,2017-10-12T02:27:25Z,Virgil Guo,5,394420213
R981,长江东大街桥,trunk,2017-09-26T10:33:56Z,Austin Zhu,6,151494081
R982,长江东路,primary,2017-10-12T02:27:15Z,Virgil Guo,1,531856997
R983,长江东路,primary,2017-09-26T11:08:52Z,Austin Zhu,3,512421310
R984,长江东路,tertiary,2016-07-25T03:57:53Z,Virgil Guo,5,273399751
R985,长江东路,trunk,2017-10-28T23:51:55Z,Virgil Guo,5,512421314
R986,长江东路桥,trunk,2017-10-12T02:27:22Z,Virgil Guo,9,373206061
R987,长江东路桥,trunk,2017-09-26T10:33:56Z,Austin Zhu,5,151494082
R988,长江东路辅路,tertiary,2017-07-11T15:32:23Z,Virgil Guo,2,422782063
R989,长江东路辅路,tertiary,2017-02-27T16:11:58Z,Kostik,2,473675444
R990,长江东路辅路,tertiary,2017-02-10T00:18:20Z,jamesks,2,422781899
R991,长江中路,trunk,2018-04-10T21:31:56Z,Virgil Guo,9,333018635
R992,长江中路辅路,tertiary,2018-04-10T22:19:20Z,Virgil Guo,2,578652970
R993,长江西路,primary,2017-09-28T01:01:25Z,Virgil Guo,3,512826529
R994,长江西路,trunk,2018-04-10T21:31:57Z,Virgil Guo,17,333018637
R995,长江西路,trunk,2017-09-26T11:08:31Z,Austin Zhu,10,107268216
R996,长江西路辅路,primary,2017-10-27T23:06:14Z,Virgil Guo,4,333017372
R997,长江西路辅路,tertiary,2018-04-10T21:31:57Z,Virgil Guo,16,422750135
R998,长江西路辅路,trunk,2018-02-06T00:17:11Z,Virgil Guo,15,347306491
R999,长江西路辅路,trunk_link,2017-08-02T14:30:48Z,Virgil Guo,17,291440373
R1000,长江西路高架桥,trunk,2017-10-27T23:06:14Z,Virgil Guo,13,291615689
R1001,长江西路高架桥,trunk,2017-09-28T04:46:49Z,Austin Zhu,4,526613136
R1002,长江路桥,trunk,2017-10-12T02:27:25Z,Virgil Guo,11,289676428
R1003,长沙路,tertiary,2018-03-21T23:56:24Z,Virgil Guo,6,319989212
R1004,长沙路,tertiary,2015-01-02T08:12:09Z,peisen_wang,6,89905619
R1005,长沙路桥,tertiary,2017-06-04T14:44:04Z,Virgil Guo,5,319977102
R1006,长沙路桥,tertiary,2016-02-20T15:54:12Z,自由分享,4,319977100
R1007,长白山路,tertiary,2017-09-21T22:13:24Z,Virgil Guo,5,333938384
R1008,阊水路,tertiary,2017-09-22T01:35:42Z,Virgil Guo,5,319980193
R1009,阐河路,tertiary,2017-08-05T13:58:22Z,Virgil Guo,1,513101355
R1010,阜南路,tertiary,2017-09-22T00:29:58Z,Virgil Guo,2,526597705
R1011,阜南路,tertiary,2015-01-15T17:01:54Z,Rub21,2,304257321
R1012,阜阳北路,primary,2018-01-28T03:11:59Z,hanchao,2,528255997
R1013,阜阳北路,primary,2017-09-28T01:01:29Z,Virgil Guo,13,236107671
R1014,阜阳北路高架,trunk,2017-09-28T04:46:50Z,Austin Zhu,2,528255996
R1015,阜阳北路高架桥,trunk,2017-09-28T04:46:49Z,Austin Zhu,4,512326890
R1016,阜阳路,primary,2018-03-26T23:30:44Z,Virgil Guo,3,512340934
R1017,阜阳路,primary,2018-01-28T03:11:58Z,hanchao,2,528256002
R1018,阜阳路,primary,2017-09-26T11:58:41Z,Austin Zhu,2,512421282
R1019,阜阳路,trunk,2017-08-06T06:21:43Z,Virgil Guo,3,512326907
R1020,阜阳路,trunk_link,2017-08-06T06:21:43Z,Virgil Guo,4,511502918
R1021,阜阳路桥,primary,2017-09-26T11:08:40Z,Austin Zhu,7,304261086
R1022,陵园路,tertiary,2017-07-12T13:56:55Z,Virgil Guo,2,502408421
R1023,障山路,tertiary,2017-08-02T07:58:02Z,Virgil Guo,1,512242114
R1024,集贤路,trunk,2018-02-12T20:19:12Z,Seandebasti,10,305874893
R1025,集贤路,trunk,2017-08-03T04:42:19Z,Virgil Guo,6,107138810
R1026,集贤路,trunk_link,2017-08-22T14:03:20Z,AUV,2,325206050
R1027,集贤路,trunk_link,2017-07-31T04:10:28Z,Virgil Guo,2,325206052
R1028,雨山路,tertiary,2016-02-10T14:23:11Z,Virgil Guo,4,361069980
R1029,雪霁北路,tertiary,2015-10-24T13:42:13Z,Virgil Guo,5,192027384
R1030,雪霁路,tertiary,2017-06-13T04:43:47Z,Virgil Guo,7,192027390
R1031,霍山路,secondary,2015-07-15T23:01:38Z,Rub21,3,305869156
R1032,霍邱路,tertiary,2018-02-25T05:00:09Z,Virgil Guo,16,24568426
R1033,青年北路,tertiary,2017-09-16T05:45:12Z,Virgil Guo,6,298603207
R1034,青年路,secondary,2017-09-16T05:45:15Z,Virgil Guo,5,298603204
R1035,青年路,tertiary,2017-11-21T01:40:53Z,Virgil Guo,8,93291686
R1036,青翠路,tertiary,2016-09-03T14:38:32Z,Virgil Guo,3,325126407
R1037,青阳路,tertiary,2017-08-06T08:25:25Z,Virgil Guo,15,24568374
R1038,青鸾路,tertiary,2015-09-13T02:46:04Z,Virgil Guo,5,197111655
R1039,青龙大道,primary,2017-09-16T05:45:15Z,Virgil Guo,3,474873029
R1040,青龙潭路,primary,2017-09-16T05:45:13Z,Virgil Guo,5,298609765
R1041,青龙潭路,secondary,2016-09-03T14:38:34Z,Virgil Guo,8,88800625
R1042,青龙潭路,secondary,2015-05-19T16:33:41Z,dannykath,2,298609767
R1043,青龙潭路,secondary,2014-09-07T16:15:27Z,汤鹏程,2,298609768
R1044,青龙路,tertiary,2018-04-09T22:46:17Z,Virgil Guo,2,336951584
R1045,靶场路,tertiary,2017-11-21T01:40:53Z,Virgil Guo,2,541175436
R1046,韶山路,tertiary,2018-03-21T23:56:18Z,Virgil Guo,8,367458713
R1047,项王东路,tertiary,2017-11-08T02:20:54Z,Virgil Guo,2,502727017
R1048,颍河路,secondary,2018-03-14T19:49:13Z,Virgil Guo,2,513948073
R1049,颖上路,secondary,2017-07-29T11:49:36Z,Virgil Guo,14,91172536
R1050,馆驿路,secondary,2017-09-16T05:45:17Z,Virgil Guo,4,217646553
R1051,香店路,tertiary,2017-06-05T09:35:04Z,Virgil Guo,2,414799673
R1052,香怡路,secondary,2018-04-09T22:46:17Z,Virgil Guo,5,291443867
R1053,香樟大道,secondary,2018-02-12T03:27:44Z,Seandebasti,2,513123411
R1054,香港路,tertiary,2017-12-31T19:51:56Z,Virgil Guo,3,367829386
R1055,香蒲路,secondary,2018-02-12T11:55:24Z,Seandebasti,6,89405928
R1056,香蒲路,tertiary,2018-02-12T11:55:12Z,Seandebasti,1,560704670
R1057,马家渡大桥,primary,2018-01-25T19:48:35Z,Virgil Guo,6,378670578
R1058,马鞍山路,primary,2018-03-26T23:11:46Z,Virgil Guo,3,526571552
R1059,马鞍山路,primary,2018-03-15T05:53:20Z,LJpnice,4,526571550
R1060,马鞍山路,primary,2018-03-15T01:33:25Z,Newsta,2,569159031
R1061,马鞍山路,trunk_link,2017-09-26T11:58:44Z,Austin Zhu,2,512860073
R1062,马鞍山路辅路,primary,2018-03-26T23:19:25Z,Virgil Guo,2,569532449
R1063,马鞍山路辅路,primary,2018-03-15T05:53:20Z,LJpnice,1,569825318
R1064,马鞍山路辅路,secondary,2018-03-14T06:26:47Z,LJpnice,2,569498918
R1065,高刘路,tertiary,2017-08-06T08:25:25Z,Virgil Guo,5,91996617
R1066,高架入口,trunk_link,2015-01-29T05:06:36Z,AUV,1,325126418
R1067,高王桥,primary,2017-09-26T11:58:33Z,Austin Zhu,2,378670597
R1068,高王桥,primary,2015-11-06T14:59:23Z,Virgil Guo,1,378670607
R1069,高王桥,secondary,2015-11-06T14:59:21Z,Virgil Guo,1,378670596
R1070,高铁路,primary,2017-05-07T02:56:24Z,Virgil Guo,4,328507289
R1071,魏武大道,primary,2018-04-02T22:03:36Z,Virgil Guo,5,417722492
R1072,魏武大道,primary,2018-01-28T04:04:53Z,hanchao,6,417722491
R1073,魏武大道,primary,2017-09-26T13:22:07Z,Austin Zhu,5,417722486
R1074,魏武大道,trunk,2017-08-02T14:00:24Z,Virgil Guo,17,195741300
R1075,鸡裕河桥,primary,2018-01-25T19:48:39Z,Virgil Guo,3,357534474
R1076,鹿鸣山路,tertiary,2017-11-08T03:10:32Z,Virgil Guo,5,195741313
R1077,黄山路,primary,2017-10-27T23:06:15Z,Virgil Guo,15,262667810
R1078,黄山路,primary,2016-01-31T12:25:03Z,自由分享,6,262667813
R1079,黄山路,primary,2015-08-26T08:48:45Z,Boyuan Yang,4,107153734
R1080,黄河路,secondary,2017-12-31T19:52:04Z,Virgil Guo,7,367960525
R1081,黄河路,secondary,2017-02-15T18:18:16Z,ff5722,1,474873076
R1082,齐云山路,tertiary,2018-02-19T23:22:35Z,Virgil Guo,12,89635749
R1083,齐云山路,tertiary,2017-02-18T16:12:39Z,jamesks,3,290349399
R1084,龙兴大道,primary,2017-12-28T03:11:39Z,Virgil Guo,2,404666385
R1085,龙图路,tertiary,2016-09-03T14:38:24Z,Virgil Guo,5,319980194
R1086,龙子湖路,tertiary,2017-11-08T02:20:53Z,Virgil Guo,6,412970761
R1087,龙岗路,primary,2017-08-05T13:58:26Z,Virgil Guo,10,305860949
R1088,龙岗路,primary,2014-10-01T14:15:11Z,汤鹏程,1,305860946
R1089,龙岗路,tertiary,2017-08-02T07:58:09Z,Virgil Guo,5,373206071
R1090,龙岗路桥,tertiary,2016-02-18T16:09:13Z,自由分享,3,373206072
R1091,龙川路,primary,2018-02-12T03:27:48Z,Seandebasti,4,475496233
R1092,龙川路,primary,2017-12-31T19:52:06Z,Virgil Guo,4,474873057
R1093,龙川路,primary,2017-09-26T12:45:39Z,Austin Zhu,2,526617754
R1094,龙川路,trunk,2017-09-22T01:35:42Z,Virgil Guo,2,512460899
R1095,龙川路,trunk_link,2017-08-02T14:17:36Z,Virgil Guo,10,303055892
R1096,龙感湖路,tertiary,2017-03-12T16:38:51Z,Virgil Guo,4,89386512
R1097,龙河口路,secondary,2017-02-15T18:18:39Z,ff5722,2,391857064
R1098,龙河口路,tertiary,2018-02-12T15:30:06Z,Seandebasti,5,391772832
R1099,龙河路,tertiary,2018-03-03T02:18:21Z,AndyChn,9,90953064
R1100,龙泉大街,secondary,2017-07-11T09:27:57Z,Virgil Guo,1,506659893
R1101,龙泉路,secondary,2017-10-12T02:27:19Z,Virgil Guo,13,184624411
R1102,龙泉路,secondary,2017-02-10T00:18:20Z,jamesks,2,422781897
R1103,龙泉路,secondary,2016-06-04T07:21:49Z,汤鹏程,2,394768996
R1104,龙泉路,tertiary,2017-10-27T23:06:12Z,Virgil Guo,6,115306526
R1105,龙湖路,secondary,2017-05-02T12:31:40Z,ff5722,6,305847837
R1106,龙湖路,secondary,2015-07-14T16:33:18Z,calfarome,5,305847836
R1107,龙潭桥,tertiary,2016-02-01T03:51:58Z,自由分享,4,196816846
R1108,龙灯路,tertiary,2017-07-30T14:05:04Z,Virgil Guo,3,346125575
R1109,龙脊山路,tertiary,2017-08-02T16:27:58Z,Virgil Guo,3,369027467
R1110,龙蟠路,tertiary,2017-05-14T06:58:37Z,Virgil Guo,3,323379001
R1111,龙门岭路,tertiary,2017-08-08T13:24:59Z,Virgil Guo,6,196816356
